Workbook

Sheet Mode d'emploi
A1: 4 · Par fournisseur
A2: Proposition de tableau de gestion des stocks — Excel et Google Sheets
A4: L'idée | B4: Un onglet par fournisseur, avec ses produits. Quand tu fais ta commande, tu as sous les yeux tout ce que tu dois demander à ce fournisseur-là, et ses coordonnées. Pratique si tu passes tes commandes par téléphone.
A6: Comment faire | B6: 1. Onglet Fournisseurs : nom, contact, jour de commande, jour de livraison.
B7: 2. Dans chaque onglet fournisseur, écris ses produits dans la colonne Produit (cases jaunes).
B8: 3. Chaque semaine : Stock, Commandé, puis Reçu à la livraison. Le total du mois se calcule.
B9: 4. Nouveau fournisseur : clic droit sur un onglet fournisseur > Dupliquer, puis renomme-le.
A11: Les onglets | B11: Fournisseurs — carnet d'adresses et jours de commande/livraison.
B12: Metro, Crèmerie, Transgourmet — un onglet par fournisseur avec ses produits.
B13: Récap fournisseurs — combien de produits, combien de livraisons incomplètes, par fournisseur.
A15: Couleurs | B15: Cases jaunes = à remplir. Cases blanches = calculées toutes seules, ne pas y toucher.
B16: Chiffres en bleu = exemple pour montrer le fonctionnement, à effacer.
B17: Rouge = il manque quelque chose (livraison incomplète, stock trop bas).
A19: Google Sheets | B19: Fichier > Importer > Importer ce fichier. Tout fonctionne pareil, y compris sur téléphone.

Sheet Fournisseurs
A1: Mes fournisseurs
A2: Carnet d'adresses
A4: Fournisseur | B4: Contact / commercial | C4: Téléphone | D4: E-mail | E4: Jour de commande | F4: Jour de livraison | G4: Notes
A5: Metro | B5: Commercial Metro | C5: 01 23 45 67 89 | E5: vendredi | F5: lundi
A6: Crèmerie | B6: Crèmerie du quartier | C6: 01 98 76 54 32 | E6: vendredi | F6: lundi
A7: Transgourmet | B7: Transgourmet | C7: 01 11 22 33 44 | E7: jeudi | F7: lundi

Sheet Metro
A1: Metro
A2: Commande le vendredi · Livraison le lundi · Tél. 01 23 45 67 89
A4: Produit | B4: Unité | C4: Semaine 1 | F4: Semaine 2 | I4: Semaine 3 | L4: Semaine 4 | O4: Total du mois
C6: Stock | D6: Commandé | E6: Reçu | F6: Stock | G6: Commandé | H6: Reçu | I6: Stock | J6: Commandé | K6: Reçu | L6: Stock | M6: Commandé | N6: Reçu | O6: Commandé | P6: Reçu | Q6: Manque
A7: Farine T55 | B7: kg | C7: 8 | D7: 10 | E7: 7 | F7: 5 | G7: 10 | H7: 10 | O7: =IF(COUNT(D7,G7,J7,M7)=0,"",SUM(D7,G7,J7,M7)) | P7: =IF(COUNT(E7,H7,K7,N7)=0,"",SUM(E7,H7,K7,N7)) | Q7: =IF(OR(O7="",P7=""),"",P7-O7)
A8: Farine T45 | B8: kg | C8: 2 | D8: 5 | E8: 5 | F8: 3 | G8: 3 | H8: 3 | O8: =IF(COUNT(D8,G8,J8,M8)=0,"",SUM(D8,G8,J8,M8)) | P8: =IF(COUNT(E8,H8,K8,N8)=0,"",SUM(E8,H8,K8,N8)) | Q8: =IF(OR(O8="",P8=""),"",P8-O8)
A9: Sucre semoule | B9: kg | C9: 6 | D9: 10 | E9: 10 | F9: 7 | G9: 5 | H9: 5 | O9: =IF(COUNT(D9,G9,J9,M9)=0,"",SUM(D9,G9,J9,M9)) | P9: =IF(COUNT(E9,H9,K9,N9)=0,"",SUM(E9,H9,K9,N9)) | Q9: =IF(OR(O9="",P9=""),"",P9-O9)
A10: Sucre glace | B10: kg | C10: 1 | D10: 3 | E10: 3 | F10: 2 | G10: 0 | H10: 0 | O10: =IF(COUNT(D10,G10,J10,M10)=0,"",SUM(D10,G10,J10,M10)) | P10: =IF(COUNT(E10,H10,K10,N10)=0,"",SUM(E10,H10,K10,N10)) | Q10: =IF(OR(O10="",P10=""),"",P10-O10)
O11: =IF(COUNT(D11,G11,J11,M11)=0,"",SUM(D11,G11,J11,M11)) | P11: =IF(COUNT(E11,H11,K11,N11)=0,"",SUM(E11,H11,K11,N11)) | Q11: =IF(OR(O11="",P11=""),"",P11-O11)
O12: =IF(COUNT(D12,G12,J12,M12)=0,"",SUM(D12,G12,J12,M12)) | P12: =IF(COUNT(E12,H12,K12,N12)=0,"",SUM(E12,H12,K12,N12)) | Q12: =IF(OR(O12="",P12=""),"",P12-O12)
O13: =IF(COUNT(D13,G13,J13,M13)=0,"",SUM(D13,G13,J13,M13)) | P13: =IF(COUNT(E13,H13,K13,N13)=0,"",SUM(E13,H13,K13,N13)) | Q13: =IF(OR(O13="",P13=""),"",P13-O13)
O14: =IF(COUNT(D14,G14,J14,M14)=0,"",SUM(D14,G14,J14,M14)) | P14: =IF(COUNT(E14,H14,K14,N14)=0,"",SUM(E14,H14,K14,N14)) | Q14: =IF(OR(O14="",P14=""),"",P14-O14)
O15: =IF(COUNT(D15,G15,J15,M15)=0,"",SUM(D15,G15,J15,M15)) | P15: =IF(COUNT(E15,H15,K15,N15)=0,"",SUM(E15,H15,K15,N15)) | Q15: =IF(OR(O15="",P15=""),"",P15-O15)
O16: =IF(COUNT(D16,G16,J16,M16)=0,"",SUM(D16,G16,J16,M16)) | P16: =IF(COUNT(E16,H16,K16,N16)=0,"",SUM(E16,H16,K16,N16)) | Q16: =IF(OR(O16="",P16=""),"",P16-O16)
O17: =IF(COUNT(D17,G17,J17,M17)=0,"",SUM(D17,G17,J17,M17)) | P17: =IF(COUNT(E17,H17,K17,N17)=0,"",SUM(E17,H17,K17,N17)) | Q17: =IF(OR(O17="",P17=""),"",P17-O17)
O18: =IF(COUNT(D18,G18,J18,M18)=0,"",SUM(D18,G18,J18,M18)) | P18: =IF(COUNT(E18,H18,K18,N18)=0,"",SUM(E18,H18,K18,N18)) | Q18: =IF(OR(O18="",P18=""),"",P18-O18)
O19: =IF(COUNT(D19,G19,J19,M19)=0,"",SUM(D19,G19,J19,M19)) | P19: =IF(COUNT(E19,H19,K19,N19)=0,"",SUM(E19,H19,K19,N19)) | Q19: =IF(OR(O19="",P19=""),"",P19-O19)
O20: =IF(COUNT(D20,G20,J20,M20)=0,"",SUM(D20,G20,J20,M20)) | P20: =IF(COUNT(E20,H20,K20,N20)=0,"",SUM(E20,H20,K20,N20)) | Q20: =IF(OR(O20="",P20=""),"",P20-O20)
O21: =IF(COUNT(D21,G21,J21,M21)=0,"",SUM(D21,G21,J21,M21)) | P21: =IF(COUNT(E21,H21,K21,N21)=0,"",SUM(E21,H21,K21,N21)) | Q21: =IF(OR(O21="",P21=""),"",P21-O21)
O22: =IF(COUNT(D22,G22,J22,M22)=0,"",SUM(D22,G22,J22,M22)) | P22: =IF(COUNT(E22,H22,K22,N22)=0,"",SUM(E22,H22,K22,N22)) | Q22: =IF(OR(O22="",P22=""),"",P22-O22)
... O26: =IF(COUNT(D26,G26,J26,M26)=0,"",SUM(D26,G26,J26,M26)) | P26: =IF(COUNT(E26,H26,K26,N26)=0,"",SUM(E26,H26,K26,N26)) | Q26: =IF(OR(O26="",P26=""),"",P26-O26)

Sheet Crèmerie
A1: Crèmerie
A2: Commande le vendredi · Livraison le lundi · Tél. 01 98 76 54 32
A4: Produit | B4: Unité | C4: Semaine 1 | F4: Semaine 2 | I4: Semaine 3 | L4: Semaine 4 | O4: Total du mois
C6: Stock | D6: Commandé | E6: Reçu | F6: Stock | G6: Commandé | H6: Reçu | I6: Stock | J6: Commandé | K6: Reçu | L6: Stock | M6: Commandé | N6: Reçu | O6: Commandé | P6: Reçu | Q6: Manque
A7: Beurre doux | B7: kg | C7: 3 | D7: 5 | E7: 5 | F7: 4 | G7: 5 | H7: 5 | O7: =IF(COUNT(D7,G7,J7,M7)=0,"",SUM(D7,G7,J7,M7)) | P7: =IF(COUNT(E7,H7,K7,N7)=0,"",SUM(E7,H7,K7,N7)) | Q7: =IF(OR(O7="",P7=""),"",P7-O7)
A8: Crème liquide 35% | B8: L | C8: 4 | D8: 12 | E8: 12 | F8: 5 | G8: 10 | H8: 10 | O8: =IF(COUNT(D8,G8,J8,M8)=0,"",SUM(D8,G8,J8,M8)) | P8: =IF(COUNT(E8,H8,K8,N8)=0,"",SUM(E8,H8,K8,N8)) | Q8: =IF(OR(O8="",P8=""),"",P8-O8)
A9: Lait entier | B9: L | C9: 3 | D9: 6 | E9: 6 | F9: 4 | G9: 6 | H9: 6 | O9: =IF(COUNT(D9,G9,J9,M9)=0,"",SUM(D9,G9,J9,M9)) | P9: =IF(COUNT(E9,H9,K9,N9)=0,"",SUM(E9,H9,K9,N9)) | Q9: =IF(OR(O9="",P9=""),"",P9-O9)
A10: Oeufs | B10: pièce | C10: 40 | D10: 90 | E10: 90 | F10: 50 | G10: 60 | H10: 60 | O10: =IF(COUNT(D10,G10,J10,M10)=0,"",SUM(D10,G10,J10,M10)) | P10: =IF(COUNT(E10,H10,K10,N10)=0,"",SUM(E10,H10,K10,N10)) | Q10: =IF(OR(O10="",P10=""),"",P10-O10)
O11: =IF(COUNT(D11,G11,J11,M11)=0,"",SUM(D11,G11,J11,M11)) | P11: =IF(COUNT(E11,H11,K11,N11)=0,"",SUM(E11,H11,K11,N11)) | Q11: =IF(OR(O11="",P11=""),"",P11-O11)
O12: =IF(COUNT(D12,G12,J12,M12)=0,"",SUM(D12,G12,J12,M12)) | P12: =IF(COUNT(E12,H12,K12,N12)=0,"",SUM(E12,H12,K12,N12)) | Q12: =IF(OR(O12="",P12=""),"",P12-O12)
O13: =IF(COUNT(D13,G13,J13,M13)=0,"",SUM(D13,G13,J13,M13)) | P13: =IF(COUNT(E13,H13,K13,N13)=0,"",SUM(E13,H13,K13,N13)) | Q13: =IF(OR(O13="",P13=""),"",P13-O13)
O14: =IF(COUNT(D14,G14,J14,M14)=0,"",SUM(D14,G14,J14,M14)) | P14: =IF(COUNT(E14,H14,K14,N14)=0,"",SUM(E14,H14,K14,N14)) | Q14: =IF(OR(O14="",P14=""),"",P14-O14)
O15: =IF(COUNT(D15,G15,J15,M15)=0,"",SUM(D15,G15,J15,M15)) | P15: =IF(COUNT(E15,H15,K15,N15)=0,"",SUM(E15,H15,K15,N15)) | Q15: =IF(OR(O15="",P15=""),"",P15-O15)
O16: =IF(COUNT(D16,G16,J16,M16)=0,"",SUM(D16,G16,J16,M16)) | P16: =IF(COUNT(E16,H16,K16,N16)=0,"",SUM(E16,H16,K16,N16)) | Q16: =IF(OR(O16="",P16=""),"",P16-O16)
O17: =IF(COUNT(D17,G17,J17,M17)=0,"",SUM(D17,G17,J17,M17)) | P17: =IF(COUNT(E17,H17,K17,N17)=0,"",SUM(E17,H17,K17,N17)) | Q17: =IF(OR(O17="",P17=""),"",P17-O17)
O18: =IF(COUNT(D18,G18,J18,M18)=0,"",SUM(D18,G18,J18,M18)) | P18: =IF(COUNT(E18,H18,K18,N18)=0,"",SUM(E18,H18,K18,N18)) | Q18: =IF(OR(O18="",P18=""),"",P18-O18)
O19: =IF(COUNT(D19,G19,J19,M19)=0,"",SUM(D19,G19,J19,M19)) | P19: =IF(COUNT(E19,H19,K19,N19)=0,"",SUM(E19,H19,K19,N19)) | Q19: =IF(OR(O19="",P19=""),"",P19-O19)
O20: =IF(COUNT(D20,G20,J20,M20)=0,"",SUM(D20,G20,J20,M20)) | P20: =IF(COUNT(E20,H20,K20,N20)=0,"",SUM(E20,H20,K20,N20)) | Q20: =IF(OR(O20="",P20=""),"",P20-O20)
O21: =IF(COUNT(D21,G21,J21,M21)=0,"",SUM(D21,G21,J21,M21)) | P21: =IF(COUNT(E21,H21,K21,N21)=0,"",SUM(E21,H21,K21,N21)) | Q21: =IF(OR(O21="",P21=""),"",P21-O21)
O22: =IF(COUNT(D22,G22,J22,M22)=0,"",SUM(D22,G22,J22,M22)) | P22: =IF(COUNT(E22,H22,K22,N22)=0,"",SUM(E22,H22,K22,N22)) | Q22: =IF(OR(O22="",P22=""),"",P22-O22)
... O26: =IF(COUNT(D26,G26,J26,M26)=0,"",SUM(D26,G26,J26,M26)) | P26: =IF(COUNT(E26,H26,K26,N26)=0,"",SUM(E26,H26,K26,N26)) | Q26: =IF(OR(O26="",P26=""),"",P26-O26)

Sheet Transgourmet
A1: Transgourmet
A2: Commande le jeudi · Livraison le lundi · Tél. 01 11 22 33 44
A4: Produit | B4: Unité | C4: Semaine 1 | F4: Semaine 2 | I4: Semaine 3 | L4: Semaine 4 | O4: Total du mois
C6: Stock | D6: Commandé | E6: Reçu | F6: Stock | G6: Commandé | H6: Reçu | I6: Stock | J6: Commandé | K6: Reçu | L6: Stock | M6: Commandé | N6: Reçu | O6: Commandé | P6: Reçu | Q6: Manque
A7: Chocolat blanc | B7: kg | C7: 1.5 | D7: 3 | E7: 2 | F7: 2 | G7: 2 | H7: 2 | O7: =IF(COUNT(D7,G7,J7,M7)=0,"",SUM(D7,G7,J7,M7)) | P7: =IF(COUNT(E7,H7,K7,N7)=0,"",SUM(E7,H7,K7,N7)) | Q7: =IF(OR(O7="",P7=""),"",P7-O7)
A8: Chocolat noir 70% | B8: kg | C8: 2 | D8: 2 | E8: 2 | F8: 2 | G8: 2 | H8: 2 | O8: =IF(COUNT(D8,G8,J8,M8)=0,"",SUM(D8,G8,J8,M8)) | P8: =IF(COUNT(E8,H8,K8,N8)=0,"",SUM(E8,H8,K8,N8)) | Q8: =IF(OR(O8="",P8=""),"",P8-O8)
A9: Levure chimique | B9: kg | C9: 0.4 | D9: 1 | E9: 1 | F9: 0.6 | G9: 0 | H9: 0 | O9: =IF(COUNT(D9,G9,J9,M9)=0,"",SUM(D9,G9,J9,M9)) | P9: =IF(COUNT(E9,H9,K9,N9)=0,"",SUM(E9,H9,K9,N9)) | Q9: =IF(OR(O9="",P9=""),"",P9-O9)
A10: Vanille (gousse) | B10: pièce | C10: 6 | D10: 0 | E10: 0 | F10: 6 | G10: 0 | H10: 0 | O10: =IF(COUNT(D10,G10,J10,M10)=0,"",SUM(D10,G10,J10,M10)) | P10: =IF(COUNT(E10,H10,K10,N10)=0,"",SUM(E10,H10,K10,N10)) | Q10: =IF(OR(O10="",P10=""),"",P10-O10)
O11: =IF(COUNT(D11,G11,J11,M11)=0,"",SUM(D11,G11,J11,M11)) | P11: =IF(COUNT(E11,H11,K11,N11)=0,"",SUM(E11,H11,K11,N11)) | Q11: =IF(OR(O11="",P11=""),"",P11-O11)
O12: =IF(COUNT(D12,G12,J12,M12)=0,"",SUM(D12,G12,J12,M12)) | P12: =IF(COUNT(E12,H12,K12,N12)=0,"",SUM(E12,H12,K12,N12)) | Q12: =IF(OR(O12="",P12=""),"",P12-O12)
O13: =IF(COUNT(D13,G13,J13,M13)=0,"",SUM(D13,G13,J13,M13)) | P13: =IF(COUNT(E13,H13,K13,N13)=0,"",SUM(E13,H13,K13,N13)) | Q13: =IF(OR(O13="",P13=""),"",P13-O13)
O14: =IF(COUNT(D14,G14,J14,M14)=0,"",SUM(D14,G14,J14,M14)) | P14: =IF(COUNT(E14,H14,K14,N14)=0,"",SUM(E14,H14,K14,N14)) | Q14: =IF(OR(O14="",P14=""),"",P14-O14)
O15: =IF(COUNT(D15,G15,J15,M15)=0,"",SUM(D15,G15,J15,M15)) | P15: =IF(COUNT(E15,H15,K15,N15)=0,"",SUM(E15,H15,K15,N15)) | Q15: =IF(OR(O15="",P15=""),"",P15-O15)
O16: =IF(COUNT(D16,G16,J16,M16)=0,"",SUM(D16,G16,J16,M16)) | P16: =IF(COUNT(E16,H16,K16,N16)=0,"",SUM(E16,H16,K16,N16)) | Q16: =IF(OR(O16="",P16=""),"",P16-O16)
O17: =IF(COUNT(D17,G17,J17,M17)=0,"",SUM(D17,G17,J17,M17)) | P17: =IF(COUNT(E17,H17,K17,N17)=0,"",SUM(E17,H17,K17,N17)) | Q17: =IF(OR(O17="",P17=""),"",P17-O17)
O18: =IF(COUNT(D18,G18,J18,M18)=0,"",SUM(D18,G18,J18,M18)) | P18: =IF(COUNT(E18,H18,K18,N18)=0,"",SUM(E18,H18,K18,N18)) | Q18: =IF(OR(O18="",P18=""),"",P18-O18)
O19: =IF(COUNT(D19,G19,J19,M19)=0,"",SUM(D19,G19,J19,M19)) | P19: =IF(COUNT(E19,H19,K19,N19)=0,"",SUM(E19,H19,K19,N19)) | Q19: =IF(OR(O19="",P19=""),"",P19-O19)
O20: =IF(COUNT(D20,G20,J20,M20)=0,"",SUM(D20,G20,J20,M20)) | P20: =IF(COUNT(E20,H20,K20,N20)=0,"",SUM(E20,H20,K20,N20)) | Q20: =IF(OR(O20="",P20=""),"",P20-O20)
O21: =IF(COUNT(D21,G21,J21,M21)=0,"",SUM(D21,G21,J21,M21)) | P21: =IF(COUNT(E21,H21,K21,N21)=0,"",SUM(E21,H21,K21,N21)) | Q21: =IF(OR(O21="",P21=""),"",P21-O21)
O22: =IF(COUNT(D22,G22,J22,M22)=0,"",SUM(D22,G22,J22,M22)) | P22: =IF(COUNT(E22,H22,K22,N22)=0,"",SUM(E22,H22,K22,N22)) | Q22: =IF(OR(O22="",P22=""),"",P22-O22)
... O26: =IF(COUNT(D26,G26,J26,M26)=0,"",SUM(D26,G26,J26,M26)) | P26: =IF(COUNT(E26,H26,K26,N26)=0,"",SUM(E26,H26,K26,N26)) | Q26: =IF(OR(O26="",P26=""),"",P26-O26)

Sheet Récap fournisseurs
A1: Récap fournisseurs
A2: Calculé — rien à remplir
A4: Fournisseur | B4: Produits suivis | C4: Produits livrés incomplets ce mois
A5: Metro | B5: =COUNTA('Metro'!A7:A26) | C5: =COUNTIF('Metro'!Q7:Q26,"<0")
A6: Crèmerie | B6: =COUNTA('Crèmerie'!A7:A26) | C6: =COUNTIF('Crèmerie'!Q7:Q26,"<0")
A7: Transgourmet | B7: =COUNTA('Transgourmet'!A7:A26) | C7: =COUNTIF('Transgourmet'!Q7:Q26,"<0")
