Workbook

Sheet Mode d'emploi
A1: 10 · Le carnet vertical (téléphone)
A2: Proposition de tableau de gestion des stocks — Excel et Google Sheets
A4: L'idée | B4: Pensé pour le téléphone : pas de défilement de côté. Les 4 semaines sont les unes sous les autres, avec seulement 5 colonnes et une grande écriture. Le bilan du mois est tout en bas.
A6: Comment faire | B6: 1. Remplis l'onglet Produits une seule fois.
B7: 2. Fais défiler jusqu'à la semaine en cours : Stock, Commandé, Reçu.
B8: 3. Le bilan du mois en bas de page se calcule tout seul.
B9: 4. Nouveau mois : duplique l'onglet du mois.
A11: Les onglets | B11: Produits — ta liste.
B12: Octobre 2026 — les 4 semaines empilées + le bilan.
A14: Couleurs | B14: Cases jaunes = à remplir. Cases blanches = calculées toutes seules, ne pas y toucher.
B15: Chiffres en bleu = exemple pour montrer le fonctionnement, à effacer.
B16: Rouge = il manque quelque chose (livraison incomplète, stock trop bas).
A18: Google Sheets | B18: Fichier > Importer > Importer ce fichier. Tout fonctionne pareil, y compris sur téléphone.

Sheet Produits
A1: Mes produits
A2: Une ligne par produit. Tout le reste du fichier se remplit à partir de cette liste.
A4: Produit | B4: Fournisseur | C4: Unité
A5: Farine T55 | B5: Metro | C5: kg
A6: Farine T45 | B6: Metro | C6: kg
A7: Sucre semoule | B7: Metro | C7: kg
A8: Sucre glace | B8: Metro | C8: kg
A9: Beurre doux | B9: Crèmerie | C9: kg
A10: Crème liquide 35% | B10: Crèmerie | C10: L
A11: Lait entier | B11: Crèmerie | C11: L
A12: Oeufs | B12: Crèmerie | C12: pièce
A13: Chocolat blanc | B13: Transgourmet | C13: kg
A14: Chocolat noir 70% | B14: Transgourmet | C14: kg
A15: Levure chimique | B15: Transgourmet | C15: kg
A16: Vanille (gousse) | B16: Transgourmet | C16: pièce

Sheet Octobre 2026
A1: Octobre 2026
A2: Fais défiler vers le bas pour les semaines suivantes
A4: SEMAINE 1
A5: Produit | B5: Stock | C5: Commandé | D5: Reçu | E5: Écart
A6: =IF(Produits!$A$5="","",Produits!$A$5&" ("&Produits!$C$5&")") | B6: 8 | C6: 10 | D6: 7 | E6: =IF(OR(C6="",D6=""),"",D6-C6)
A7: =IF(Produits!$A$6="","",Produits!$A$6&" ("&Produits!$C$6&")") | B7: 2 | C7: 5 | D7: 5 | E7: =IF(OR(C7="",D7=""),"",D7-C7)
A8: =IF(Produits!$A$7="","",Produits!$A$7&" ("&Produits!$C$7&")") | B8: 6 | C8: 10 | D8: 10 | E8: =IF(OR(C8="",D8=""),"",D8-C8)
A9: =IF(Produits!$A$8="","",Produits!$A$8&" ("&Produits!$C$8&")") | B9: 1 | C9: 3 | D9: 3 | E9: =IF(OR(C9="",D9=""),"",D9-C9)
A10: =IF(Produits!$A$9="","",Produits!$A$9&" ("&Produits!$C$9&")") | B10: 3 | C10: 5 | D10: 5 | E10: =IF(OR(C10="",D10=""),"",D10-C10)
A11: =IF(Produits!$A$10="","",Produits!$A$10&" ("&Produits!$C$10&")") | B11: 4 | C11: 12 | D11: 12 | E11: =IF(OR(C11="",D11=""),"",D11-C11)
A12: =IF(Produits!$A$11="","",Produits!$A$11&" ("&Produits!$C$11&")") | B12: 3 | C12: 6 | D12: 6 | E12: =IF(OR(C12="",D12=""),"",D12-C12)
A13: =IF(Produits!$A$12="","",Produits!$A$12&" ("&Produits!$C$12&")") | B13: 40 | C13: 90 | D13: 90 | E13: =IF(OR(C13="",D13=""),"",D13-C13)
A14: =IF(Produits!$A$13="","",Produits!$A$13&" ("&Produits!$C$13&")") | B14: 1.5 | C14: 3 | D14: 2 | E14: =IF(OR(C14="",D14=""),"",D14-C14)
A15: =IF(Produits!$A$14="","",Produits!$A$14&" ("&Produits!$C$14&")") | B15: 2 | C15: 2 | D15: 2 | E15: =IF(OR(C15="",D15=""),"",D15-C15)
A16: =IF(Produits!$A$15="","",Produits!$A$15&" ("&Produits!$C$15&")") | B16: 0.4 | C16: 1 | D16: 1 | E16: =IF(OR(C16="",D16=""),"",D16-C16)
A17: =IF(Produits!$A$16="","",Produits!$A$16&" ("&Produits!$C$16&")") | B17: 6 | C17: 0 | D17: 0 | E17: =IF(OR(C17="",D17=""),"",D17-C17)
A18: =IF(Produits!$A$17="","",Produits!$A$17&" ("&Produits!$C$17&")") | E18: =IF(OR(C18="",D18=""),"",D18-C18)
A19: =IF(Produits!$A$18="","",Produits!$A$18&" ("&Produits!$C$18&")") | E19: =IF(OR(C19="",D19=""),"",D19-C19)
A20: =IF(Produits!$A$19="","",Produits!$A$19&" ("&Produits!$C$19&")") | E20: =IF(OR(C20="",D20=""),"",D20-C20)
A21: =IF(Produits!$A$20="","",Produits!$A$20&" ("&Produits!$C$20&")") | E21: =IF(OR(C21="",D21=""),"",D21-C21)
A22: =IF(Produits!$A$21="","",Produits!$A$21&" ("&Produits!$C$21&")") | E22: =IF(OR(C22="",D22=""),"",D22-C22)
A23: =IF(Produits!$A$22="","",Produits!$A$22&" ("&Produits!$C$22&")") | E23: =IF(OR(C23="",D23=""),"",D23-C23)
A24: =IF(Produits!$A$23="","",Produits!$A$23&" ("&Produits!$C$23&")") | E24: =IF(OR(C24="",D24=""),"",D24-C24)
A25: =IF(Produits!$A$24="","",Produits!$A$24&" ("&Produits!$C$24&")") | E25: =IF(OR(C25="",D25=""),"",D25-C25)
A26: =IF(Produits!$A$25="","",Produits!$A$25&" ("&Produits!$C$25&")") | E26: =IF(OR(C26="",D26=""),"",D26-C26)
A27: =IF(Produits!$A$26="","",Produits!$A$26&" ("&Produits!$C$26&")") | E27: =IF(OR(C27="",D27=""),"",D27-C27)
A28: =IF(Produits!$A$27="","",Produits!$A$27&" ("&Produits!$C$27&")") | E28: =IF(OR(C28="",D28=""),"",D28-C28)
A29: =IF(Produits!$A$28="","",Produits!$A$28&" ("&Produits!$C$28&")") | E29: =IF(OR(C29="",D29=""),"",D29-C29)
A30: =IF(Produits!$A$29="","",Produits!$A$29&" ("&Produits!$C$29&")") | E30: =IF(OR(C30="",D30=""),"",D30-C30)
A31: =IF(Produits!$A$30="","",Produits!$A$30&" ("&Produits!$C$30&")") | E31: =IF(OR(C31="",D31=""),"",D31-C31)
A32: =IF(Produits!$A$31="","",Produits!$A$31&" ("&Produits!$C$31&")") | E32: =IF(OR(C32="",D32=""),"",D32-C32)
A33: =IF(Produits!$A$32="","",Produits!$A$32&" ("&Produits!$C$32&")") | E33: =IF(OR(C33="",D33=""),"",D33-C33)
A34: =IF(Produits!$A$33="","",Produits!$A$33&" ("&Produits!$C$33&")") | E34: =IF(OR(C34="",D34=""),"",D34-C34)
A35: =IF(Produits!$A$34="","",Produits!$A$34&" ("&Produits!$C$34&")") | E35: =IF(OR(C35="",D35=""),"",D35-C35)
A36: =IF(Produits!$A$35="","",Produits!$A$35&" ("&Produits!$C$35&")") | E36: =IF(OR(C36="",D36=""),"",D36-C36)
A37: =IF(Produits!$A$36="","",Produits!$A$36&" ("&Produits!$C$36&")") | E37: =IF(OR(C37="",D37=""),"",D37-C37)
A38: =IF(Produits!$A$37="","",Produits!$A$37&" ("&Produits!$C$37&")") | E38: =IF(OR(C38="",D38=""),"",D38-C38)
A39: =IF(Produits!$A$38="","",Produits!$A$38&" ("&Produits!$C$38&")") | E39: =IF(OR(C39="",D39=""),"",D39-C39)
A40: =IF(Produits!$A$39="","",Produits!$A$39&" ("&Produits!$C$39&")") | E40: =IF(OR(C40="",D40=""),"",D40-C40)
A41: =IF(Produits!$A$40="","",Produits!$A$40&" ("&Produits!$C$40&")") | E41: =IF(OR(C41="",D41=""),"",D41-C41)
A42: =IF(Produits!$A$41="","",Produits!$A$41&" ("&Produits!$C$41&")") | E42: =IF(OR(C42="",D42=""),"",D42-C42)
A43: =IF(Produits!$A$42="","",Produits!$A$42&" ("&Produits!$C$42&")") | E43: =IF(OR(C43="",D43=""),"",D43-C43)
A44: =IF(Produits!$A$43="","",Produits!$A$43&" ("&Produits!$C$43&")") | E44: =IF(OR(C44="",D44=""),"",D44-C44)
A45: =IF(Produits!$A$44="","",Produits!$A$44&" ("&Produits!$C$44&")") | E45: =IF(OR(C45="",D45=""),"",D45-C45)
A47: SEMAINE 2
A48: Produit | B48: Stock | C48: Commandé | D48: Reçu | E48: Écart
A49: =IF(Produits!$A$5="","",Produits!$A$5&" ("&Produits!$C$5&")") | B49: 5 | C49: 10 | D49: 10 | E49: =IF(OR(C49="",D49=""),"",D49-C49)
A50: =IF(Produits!$A$6="","",Produits!$A$6&" ("&Produits!$C$6&")") | B50: 3 | C50: 3 | D50: 3 | E50: =IF(OR(C50="",D50=""),"",D50-C50)
A51: =IF(Produits!$A$7="","",Produits!$A$7&" ("&Produits!$C$7&")") | B51: 7 | C51: 5 | D51: 5 | E51: =IF(OR(C51="",D51=""),"",D51-C51)
A52: =IF(Produits!$A$8="","",Produits!$A$8&" ("&Produits!$C$8&")") | B52: 2 | C52: 0 | D52: 0 | E52: =IF(OR(C52="",D52=""),"",D52-C52)
A53: =IF(Produits!$A$9="","",Produits!$A$9&" ("&Produits!$C$9&")") | B53: 4 | C53: 5 | D53: 5 | E53: =IF(OR(C53="",D53=""),"",D53-C53)
A54: =IF(Produits!$A$10="","",Produits!$A$10&" ("&Produits!$C$10&")") | B54: 5 | C54: 10 | D54: 10 | E54: =IF(OR(C54="",D54=""),"",D54-C54)
A55: =IF(Produits!$A$11="","",Produits!$A$11&" ("&Produits!$C$11&")") | B55: 4 | C55: 6 | D55: 6 | E55: =IF(OR(C55="",D55=""),"",D55-C55)
A56: =IF(Produits!$A$12="","",Produits!$A$12&" ("&Produits!$C$12&")") | B56: 50 | C56: 60 | D56: 60 | E56: =IF(OR(C56="",D56=""),"",D56-C56)
A57: =IF(Produits!$A$13="","",Produits!$A$13&" ("&Produits!$C$13&")") | B57: 2 | C57: 2 | D57: 2 | E57: =IF(OR(C57="",D57=""),"",D57-C57)
A58: =IF(Produits!$A$14="","",Produits!$A$14&" ("&Produits!$C$14&")") | B58: 2 | C58: 2 | D58: 2 | E58: =IF(OR(C58="",D58=""),"",D58-C58)
A59: =IF(Produits!$A$15="","",Produits!$A$15&" ("&Produits!$C$15&")") | B59: 0.6 | C59: 0 | D59: 0 | E59: =IF(OR(C59="",D59=""),"",D59-C59)
A60: =IF(Produits!$A$16="","",Produits!$A$16&" ("&Produits!$C$16&")") | B60: 6 | C60: 0 | D60: 0 | E60: =IF(OR(C60="",D60=""),"",D60-C60)
A61: =IF(Produits!$A$17="","",Produits!$A$17&" ("&Produits!$C$17&")") | E61: =IF(OR(C61="",D61=""),"",D61-C61)
A62: =IF(Produits!$A$18="","",Produits!$A$18&" ("&Produits!$C$18&")") | E62: =IF(OR(C62="",D62=""),"",D62-C62)
A63: =IF(Produits!$A$19="","",Produits!$A$19&" ("&Produits!$C$19&")") | E63: =IF(OR(C63="",D63=""),"",D63-C63)
A64: =IF(Produits!$A$20="","",Produits!$A$20&" ("&Produits!$C$20&")") | E64: =IF(OR(C64="",D64=""),"",D64-C64)
A65: =IF(Produits!$A$21="","",Produits!$A$21&" ("&Produits!$C$21&")") | E65: =IF(OR(C65="",D65=""),"",D65-C65)
A66: =IF(Produits!$A$22="","",Produits!$A$22&" ("&Produits!$C$22&")") | E66: =IF(OR(C66="",D66=""),"",D66-C66)
A67: =IF(Produits!$A$23="","",Produits!$A$23&" ("&Produits!$C$23&")") | E67: =IF(OR(C67="",D67=""),"",D67-C67)
A68: =IF(Produits!$A$24="","",Produits!$A$24&" ("&Produits!$C$24&")") | E68: =IF(OR(C68="",D68=""),"",D68-C68)
A69: =IF(Produits!$A$25="","",Produits!$A$25&" ("&Produits!$C$25&")") | E69: =IF(OR(C69="",D69=""),"",D69-C69)
A70: =IF(Produits!$A$26="","",Produits!$A$26&" ("&Produits!$C$26&")") | E70: =IF(OR(C70="",D70=""),"",D70-C70)
A71: =IF(Produits!$A$27="","",Produits!$A$27&" ("&Produits!$C$27&")") | E71: =IF(OR(C71="",D71=""),"",D71-C71)
A72: =IF(Produits!$A$28="","",Produits!$A$28&" ("&Produits!$C$28&")") | E72: =IF(OR(C72="",D72=""),"",D72-C72)
A73: =IF(Produits!$A$29="","",Produits!$A$29&" ("&Produits!$C$29&")") | E73: =IF(OR(C73="",D73=""),"",D73-C73)
A74: =IF(Produits!$A$30="","",Produits!$A$30&" ("&Produits!$C$30&")") | E74: =IF(OR(C74="",D74=""),"",D74-C74)
A75: =IF(Produits!$A$31="","",Produits!$A$31&" ("&Produits!$C$31&")") | E75: =IF(OR(C75="",D75=""),"",D75-C75)
A76: =IF(Produits!$A$32="","",Produits!$A$32&" ("&Produits!$C$32&")") | E76: =IF(OR(C76="",D76=""),"",D76-C76)
A77: =IF(Produits!$A$33="","",Produits!$A$33&" ("&Produits!$C$33&")") | E77: =IF(OR(C77="",D77=""),"",D77-C77)
A78: =IF(Produits!$A$34="","",Produits!$A$34&" ("&Produits!$C$34&")") | E78: =IF(OR(C78="",D78=""),"",D78-C78)
A79: =IF(Produits!$A$35="","",Produits!$A$35&" ("&Produits!$C$35&")") | E79: =IF(OR(C79="",D79=""),"",D79-C79)
A80: =IF(Produits!$A$36="","",Produits!$A$36&" ("&Produits!$C$36&")") | E80: =IF(OR(C80="",D80=""),"",D80-C80)
A81: =IF(Produits!$A$37="","",Produits!$A$37&" ("&Produits!$C$37&")") | E81: =IF(OR(C81="",D81=""),"",D81-C81)
A82: =IF(Produits!$A$38="","",Produits!$A$38&" ("&Produits!$C$38&")") | E82: =IF(OR(C82="",D82=""),"",D82-C82)
A83: =IF(Produits!$A$39="","",Produits!$A$39&" ("&Produits!$C$39&")") | E83: =IF(OR(C83="",D83=""),"",D83-C83)
A84: =IF(Produits!$A$40="","",Produits!$A$40&" ("&Produits!$C$40&")") | E84: =IF(OR(C84="",D84=""),"",D84-C84)
A85: =IF(Produits!$A$41="","",Produits!$A$41&" ("&Produits!$C$41&")") | E85: =IF(OR(C85="",D85=""),"",D85-C85)
A86: =IF(Produits!$A$42="","",Produits!$A$42&" ("&Produits!$C$42&")") | E86: =IF(OR(C86="",D86=""),"",D86-C86)
A87: =IF(Produits!$A$43="","",Produits!$A$43&" ("&Produits!$C$43&")") | E87: =IF(OR(C87="",D87=""),"",D87-C87)
A88: =IF(Produits!$A$44="","",Produits!$A$44&" ("&Produits!$C$44&")") | E88: =IF(OR(C88="",D88=""),"",D88-C88)
A90: SEMAINE 3
A91: Produit | B91: Stock | C91: Commandé | D91: Reçu | E91: Écart
A92: =IF(Produits!$A$5="","",Produits!$A$5&" ("&Produits!$C$5&")") | E92: =IF(OR(C92="",D92=""),"",D92-C92)
A93: =IF(Produits!$A$6="","",Produits!$A$6&" ("&Produits!$C$6&")") | E93: =IF(OR(C93="",D93=""),"",D93-C93)
A94: =IF(Produits!$A$7="","",Produits!$A$7&" ("&Produits!$C$7&")") | E94: =IF(OR(C94="",D94=""),"",D94-C94)
A95: =IF(Produits!$A$8="","",Produits!$A$8&" ("&Produits!$C$8&")") | E95: =IF(OR(C95="",D95=""),"",D95-C95)
A96: =IF(Produits!$A$9="","",Produits!$A$9&" ("&Produits!$C$9&")") | E96: =IF(OR(C96="",D96=""),"",D96-C96)
A97: =IF(Produits!$A$10="","",Produits!$A$10&" ("&Produits!$C$10&")") | E97: =IF(OR(C97="",D97=""),"",D97-C97)
A98: =IF(Produits!$A$11="","",Produits!$A$11&" ("&Produits!$C$11&")") | E98: =IF(OR(C98="",D98=""),"",D98-C98)
A99: =IF(Produits!$A$12="","",Produits!$A$12&" ("&Produits!$C$12&")") | E99: =IF(OR(C99="",D99=""),"",D99-C99)
A100: =IF(Produits!$A$13="","",Produits!$A$13&" ("&Produits!$C$13&")") | E100: =IF(OR(C100="",D100=""),"",D100-C100)
A101: =IF(Produits!$A$14="","",Produits!$A$14&" ("&Produits!$C$14&")") | E101: =IF(OR(C101="",D101=""),"",D101-C101)
A102: =IF(Produits!$A$15="","",Produits!$A$15&" ("&Produits!$C$15&")") | E102: =IF(OR(C102="",D102=""),"",D102-C102)
A103: =IF(Produits!$A$16="","",Produits!$A$16&" ("&Produits!$C$16&")") | E103: =IF(OR(C103="",D103=""),"",D103-C103)
...
