Workbook

Sheet Mode d'emploi
A1: 3 · Le journal
A2: Proposition de tableau de gestion des stocks — Excel et Google Sheets
A4: L'idée | B4: Au lieu d'un grand tableau, tu ajoutes simplement une ligne à chaque fois : la date, le produit (choisi dans une liste), et les quantités. Le fichier range tout et fait les totaux du mois tout seul. Le plus simple à remplir sur téléphone.
A6: Comment faire | B6: 1. Remplis l'onglet Produits une seule fois.
B7: 2. Onglet Saisies : une nouvelle ligne = une date + un produit. Choisis le produit dans la liste déroulante.
B8: 3. Tu peux remplir Stock et Commandé le vendredi, puis compléter Reçu sur la même ligne à la livraison.
B9: 4. Onglet Synthèse : tape le mois et l'année en haut, tous les totaux s'affichent. Rien à dupliquer, un seul fichier pour toute l'année.
A11: Les onglets | B11: Produits — ta liste.
B12: Saisies — le journal, une ligne par produit et par comptage.
B13: Synthèse — choisis un mois, tout est calculé.
A15: Couleurs | B15: Cases jaunes = à remplir. Cases blanches = calculées toutes seules, ne pas y toucher.
B16: Chiffres en bleu = exemple pour montrer le fonctionnement, à effacer.
B17: Rouge = il manque quelque chose (livraison incomplète, stock trop bas).
A19: Google Sheets | B19: Fichier > Importer > Importer ce fichier. Tout fonctionne pareil, y compris sur téléphone.

Sheet Produits
A1: Mes produits
A2: Une ligne par produit. Tout le reste du fichier se remplit à partir de cette liste.
A4: Produit | B4: Fournisseur | C4: Unité
A5: Farine T55 | B5: Metro | C5: kg
A6: Farine T45 | B6: Metro | C6: kg
A7: Sucre semoule | B7: Metro | C7: kg
A8: Sucre glace | B8: Metro | C8: kg
A9: Beurre doux | B9: Crèmerie | C9: kg
A10: Crème liquide 35% | B10: Crèmerie | C10: L
A11: Lait entier | B11: Crèmerie | C11: L
A12: Oeufs | B12: Crèmerie | C12: pièce
A13: Chocolat blanc | B13: Transgourmet | C13: kg
A14: Chocolat noir 70% | B14: Transgourmet | C14: kg
A15: Levure chimique | B15: Transgourmet | C15: kg
A16: Vanille (gousse) | B16: Transgourmet | C16: pièce

Sheet Synthèse
A1: Synthèse du mois
A2: Tape le mois et l'année dans les cases jaunes : tout le tableau se recalcule.
A3: Mois (1 à 12) | B3: 10 | C3: Année | D3: 2026
A5: Produit | B5: Unité | C5: Commandé S1 | D5: Commandé S2 | E5: Commandé S3 | F5: Commandé S4 | G5: Total commandé | H5: Total reçu | I5: Manque | J5: Dernier stock | K5: Compté le
A6: =IF(Produits!$A$5="","",Produits!$A$5) | B6: =IF(Produits!$A$5="","",Produits!$C$5) | C6: =IF($A6="","",IF(COUNTIFS(Saisies!$B$5:$B$304,$A6,Saisies!$J$5:$J$304,$B$3,Saisies!$K$5:$K$304,$D$3,Saisies!$I$5:$I$304,"S1",Saisies!$F$5:$F$304,">=0")=0,"",SUMIFS(Saisies!$F$5:$F$304,Saisies!$B$5:$B$304,$A6,Saisies!$J$5:$J$304,$B$3,Saisies!$K$5:$K$304,$D$3,Saisies!$I$5:$I$304,"S1"))) | D6: =IF($A6="","",IF(COUNTIFS(Saisies!$B$5:$B$304,$A6,Saisies!$J$5:$J$304,$B$3,Saisies!$K$5:$K$304,$D$3,Saisies!$I$5:$I$304,"S2",Saisies!$F$5:$F$304,">=0")=0,"",SUMIFS(Saisies!$F$5:$F$304,Saisies!$B$5:$B$304,$A6,Saisies!$J$5:$J$304,$B$3,Saisies!$K$5:$K$304,$D$3,Saisies!$I$5:$I$304,"S2"))) | E6: =IF($A6="","",IF(COUNTIFS(Saisies!$B$5:$B$304,$A6,Saisies!$J$5:$J$304,$B$3,Saisies!$K$5:$K$304,$D$3,Saisies!$I$5:$I$304,"S3",Saisies!$F$5:$F$304,">=0")=0,"",SUMIFS(Saisies!$F$5:$F$304,Saisies!$B$5:$B$304,$A6,Saisies!$J$5:$J$304,$B$3,Saisies!$K$5:$K$304,$D$3,Saisies!$I$5:$I$304,"S3"))) | F6: =IF($A6="","",IF(COUNTIFS(Saisies!$B$5:$B$304,$A6,Saisies!$J$5:$J$304,$B$3,Saisies!$K$5:$K$304,$D$3,Saisies!$I$5:$I$304,"S4",Saisies!$F$5:$F$304,">=0")=0,"",SUMIFS(Saisies!$F$5:$F$304,Saisies!$B$5:$B$304,$A6,Saisies!$J$5:$J$304,$B$3,Saisies!$K$5:$K$304,$D$3,Saisies!$I$5:$I$304,"S4"))) | G6: =IF($A6="","",IF(COUNTIFS(Saisies!$B$5:$B$304,$A6,Saisies!$J$5:$J$304,$B$3,Saisies!$K$5:$K$304,$D$3,Saisies!$F$5:$F$304,">=0")=0,"",SUMIFS(Saisies!$F$5:$F$304,Saisies!$B$5:$B$304,$A6,Saisies!$J$5:$J$304,$B$3,Saisies!$K$5:$K$304,$D$3))) | H6: =IF($A6="","",IF(COUNTIFS(Saisies!$B$5:$B$304,$A6,Saisies!$J$5:$J$304,$B$3,Saisies!$K$5:$K$304,$D$3,Saisies!$G$5:$G$304,">=0")=0,"",SUMIFS(Saisies!$G$5:$G$304,Saisies!$B$5:$B$304,$A6,Saisies!$J$5:$J$304,$B$3,Saisies!$K$5:$K$304,$D$3))) | I6: =IF(OR(G6="",H6=""),"",H6-G6) | J6: =IF(K6="","",SUMIFS(Saisies!$E$5:$E$304,Saisies!$B$5:$B$304,$A6,Saisies!$A$5:$A$304,K6)) | K6: =IF($A6="","",IF(COUNTIFS(Saisies!$B$5:$B$304,$A6,Saisies!$J$5:$J$304,$B$3,Saisies!$K$5:$K$304,$D$3,Saisies!$E$5:$E$304,">=0")=0,"",_xlfn.MAXIFS(Saisies!$A$5:$A$304,Saisies!$B$5:$B$304,$A6,Saisies!$J$5:$J$304,$B$3,Saisies!$K$5:$K$304,$D$3,Saisies!$E$5:$E$304,">=0")))
A7: =IF(Produits!$A$6="","",Produits!$A$6) | B7: =IF(Produits!$A$6="","",Produits!$C$6) | C7: =IF($A7="","",IF(COUNTIFS(Saisies!$B$5:$B$304,$A7,Saisies!$J$5:$J$304,$B$3,Saisies!$K$5:$K$304,$D$3,Saisies!$I$5:$I$304,"S1",Saisies!$F$5:$F$304,">=0")=0,"",SUMIFS(Saisies!$F$5:$F$304,Saisies!$B$5:$B$304,$A7,Saisies!$J$5:$J$304,$B$3,Saisies!$K$5:$K$304,$D$3,Saisies!$I$5:$I$304,"S1"))) | D7: =IF($A7="","",IF(COUNTIFS(Saisies!$B$5:$B$304,$A7,Saisies!$J$5:$J$304,$B$3,Saisies!$K$5:$K$304,$D$3,Saisies!$I$5:$I$304,"S2",Saisies!$F$5:$F$304,">=0")=0,"",SUMIFS(Saisies!$F$5:$F$304,Saisies!$B$5:$B$304,$A7,Saisies!$J$5:$J$304,$B$3,Saisies!$K$5:$K$304,$D$3,Saisies!$I$5:$I$304,"S2"))) | E7: =IF($A7="","",IF(COUNTIFS(Saisies!$B$5:$B$304,$A7,Saisies!$J$5:$J$304,$B$3,Saisies!$K$5:$K$304,$D$3,Saisies!$I$5:$I$304,"S3",Saisies!$F$5:$F$304,">=0")=0,"",SUMIFS(Saisies!$F$5:$F$304,Saisies!$B$5:$B$304,$A7,Saisies!$J$5:$J$304,$B$3,Saisies!$K$5:$K$304,$D$3,Saisies!$I$5:$I$304,"S3"))) | F7: =IF($A7="","",IF(COUNTIFS(Saisies!$B$5:$B$304,$A7,Saisies!$J$5:$J$304,$B$3,Saisies!$K$5:$K$304,$D$3,Saisies!$I$5:$I$304,"S4",Saisies!$F$5:$F$304,">=0")=0,"",SUMIFS(Saisies!$F$5:$F$304,Saisies!$B$5:$B$304,$A7,Saisies!$J$5:$J$304,$B$3,Saisies!$K$5:$K$304,$D$3,Saisies!$I$5:$I$304,"S4"))) | G7: =IF($A7="","",IF(COUNTIFS(Saisies!$B$5:$B$304,$A7,Saisies!$J$5:$J$304,$B$3,Saisies!$K$5:$K$304,$D$3,Saisies!$F$5:$F$304,">=0")=0,"",SUMIFS(Saisies!$F$5:$F$304,Saisies!$B$5:$B$304,$A7,Saisies!$J$5:$J$304,$B$3,Saisies!$K$5:$K$304,$D$3))) | H7: =IF($A7="","",IF(COUNTIFS(Saisies!$B$5:$B$304,$A7,Saisies!$J$5:$J$304,$B$3,Saisies!$K$5:$K$304,$D$3,Saisies!$G$5:$G$304,">=0")=0,"",SUMIFS(Saisies!$G$5:$G$304,Saisies!$B$5:$B$304,$A7,Saisies!$J$5:$J$304,$B$3,Saisies!$K$5:$K$304,$D$3))) | I7: =IF(OR(G7="",H7=""),"",H7-G7) | J7: =IF(K7="","",SUMIFS(Saisies!$E$5:$E$304,Saisies!$B$5:$B$304,$A7,Saisies!$A$5:$A$304,K7)) | K7: =IF($A7="","",IF(COUNTIFS(Saisies!$B$5:$B$304,$A7,Saisies!$J$5:$J$304,$B$3,Saisies!$K$5:$K$304,$D$3,Saisies!$E$5:$E$304,">=0")=0,"",_xlfn.MAXIFS(Saisies!$A$5:$A$304,Saisies!$B$5:$B$304,$A7,Saisies!$J$5:$J$304,$B$3,Saisies!$K$5:$K$304,$D$3,Saisies!$E$5:$E$304,">=0")))
A8: =IF(Produits!$A$7="","",Produits!$A$7) | B8: =IF(Produits!$A$7="","",Produits!$C$7) | C8: =IF($A8="","",IF(COUNTIFS(Saisies!$B$5:$B$304,$A8,Saisies!$J$5:$J$304,$B$3,Saisies!$K$5:$K$304,$D$3,Saisies!$I$5:$I$304,"S1",Saisies!$F$5:$F$304,">=0")=0,"",SUMIFS(Saisies!$F$5:$F$304,Saisies!$B$5:$B$304,$A8,Saisies!$J$5:$J$304,$B$3,Saisies!$K$5:$K$304,$D$3,Saisies!$I$5:$I$304,"S1"))) | D8: =IF($A8="","",IF(COUNTIFS(Saisies!$B$5:$B$304,$A8,Saisies!$J$5:$J$304,$B$3,Saisies!$K$5:$K$304,$D$3,Saisies!$I$5:$I$304,"S2",Saisies!$F$5:$F$304,">=0")=0,"",SUMIFS(Saisies!$F$5:$F$304,Saisies!$B$5:$B$304,$A8,Saisies!$J$5:$J$304,$B$3,Saisies!$K$5:$K$304,$D$3,Saisies!$I$5:$I$304,"S2"))) | E8: =IF($A8="","",IF(COUNTIFS(Saisies!$B$5:$B$304,$A8,Saisies!$J$5:$J$304,$B$3,Saisies!$K$5:$K$304,$D$3,Saisies!$I$5:$I$304,"S3",Saisies!$F$5:$F$304,">=0")=0,"",SUMIFS(Saisies!$F$5:$F$304,Saisies!$B$5:$B$304,$A8,Saisies!$J$5:$J$304,$B$3,Saisies!$K$5:$K$304,$D$3,Saisies!$I$5:$I$304,"S3"))) | F8: =IF($A8="","",IF(COUNTIFS(Saisies!$B$5:$B$304,$A8,Saisies!$J$5:$J$304,$B$3,Saisies!$K$5:$K$304,$D$3,Saisies!$I$5:$I$304,"S4",Saisies!$F$5:$F$304,">=0")=0,"",SUMIFS(Saisies!$F$5:$F$304,Saisies!$B$5:$B$304,$A8,Saisies!$J$5:$J$304,$B$3,Saisies!$K$5:$K$304,$D$3,Saisies!$I$5:$I$304,"S4"))) | G8: =IF($A8="","",IF(COUNTIFS(Saisies!$B$5:$B$304,$A8,Saisies!$J$5:$J$304,$B$3,Saisies!$K$5:$K$304,$D$3,Saisies!$F$5:$F$304,">=0")=0,"",SUMIFS(Saisies!$F$5:$F$304,Saisies!$B$5:$B$304,$A8,Saisies!$J$5:$J$304,$B$3,Saisies!$K$5:$K$304,$D$3))) | H8: =IF($A8="","",IF(COUNTIFS(Saisies!$B$5:$B$304,$A8,Saisies!$J$5:$J$304,$B$3,Saisies!$K$5:$K$304,$D$3,Saisies!$G$5:$G$304,">=0")=0,"",SUMIFS(Saisies!$G$5:$G$304,Saisies!$B$5:$B$304,$A8,Saisies!$J$5:$J$304,$B$3,Saisies!$K$5:$K$304,$D$3))) | I8: =IF(OR(G8="",H8=""),"",H8-G8) | J8: =IF(K8="","",SUMIFS(Saisies!$E$5:$E$304,Saisies!$B$5:$B$304,$A8,Saisies!$A$5:$A$304,K8)) | K8: =IF($A8="","",IF(COUNTIFS(Saisies!$B$5:$B$304,$A8,Saisies!$J$5:$J$304,$B$3,Saisies!$K$5:$K$304,$D$3,Saisies!$E$5:$E$304,">=0")=0,"",_xlfn.MAXIFS(Saisies!$A$5:$A$304,Saisies!$B$5:$B$304,$A8,Saisies!$J$5:$J$304,$B$3,Saisies!$K$5:$K$304,$D$3,Saisies!$E$5:$E$304,">=0")))
A9: =IF(Produits!$A$8="","",Produits!$A$8) | B9: =IF(Produits!$A$8="","",Produits!$C$8) | C9: =IF($A9="","",IF(COUNTIFS(Saisies!$B$5:$B$304,$A9,Saisies!$J$5:$J$304,$B$3,Saisies!$K$5:$K$304,$D$3,Saisies!$I$5:$I$304,"S1",Saisies!$F$5:$F$304,">=0")=0,"",SUMIFS(Saisies!$F$5:$F$304,Saisies!$B$5:$B$304,$A9,Saisies!$J$5:$J$304,$B$3,Saisies!$K$5:$K$304,$D$3,Saisies!$I$5:$I$304,"S1"))) | D9: =IF($A9="","",IF(COUNTIFS(Saisies!$B$5:$B$304,$A9,Saisies!$J$5:$J$304,$B$3,Saisies!$K$5:$K$304,$D$3,Saisies!$I$5:$I$304,"S2",Saisies!$F$5:$F$304,">=0")=0,"",SUMIFS(Saisies!$F$5:$F$304,Saisies!$B$5:$B$304,$A9,Saisies!$J$5:$J$304,$B$3,Saisies!$K$5:$K$304,$D$3,Saisies!$I$5:$I$304,"S2"))) | E9: =IF($A9="","",IF(COUNTIFS(Saisies!$B$5:$B$304,$A9,Saisies!$J$5:$J$304,$B$3,Saisies!$K$5:$K$304,$D$3,Saisies!$I$5:$I$304,"S3",Saisies!$F$5:$F$304,">=0")=0,"",SUMIFS(Saisies!$F$5:$F$304,Saisies!$B$5:$B$304,$A9,Saisies!$J$5:$J$304,$B$3,Saisies!$K$5:$K$304,$D$3,Saisies!$I$5:$I$304,"S3"))) | F9: =IF($A9="","",IF(COUNTIFS(Saisies!$B$5:$B$304,$A9,Saisies!$J$5:$J$304,$B$3,Saisies!$K$5:$K$304,$D$3,Saisies!$I$5:$I$304,"S4",Saisies!$F$5:$F$304,">=0")=0,"",SUMIFS(Saisies!$F$5:$F$304,Saisies!$B$5:$B$304,$A9,Saisies!$J$5:$J$304,$B$3,Saisies!$K$5:$K$304,$D$3,Saisies!$I$5:$I$304,"S4"))) | G9: =IF($A9="","",IF(COUNTIFS(Saisies!$B$5:$B$304,$A9,Saisies!$J$5:$J$304,$B$3,Saisies!$K$5:$K$304,$D$3,Saisies!$F$5:$F$304,">=0")=0,"",SUMIFS(Saisies!$F$5:$F$304,Saisies!$B$5:$B$304,$A9,Saisies!$J$5:$J$304,$B$3,Saisies!$K$5:$K$304,$D$3))) | H9: =IF($A9="","",IF(COUNTIFS(Saisies!$B$5:$B$304,$A9,Saisies!$J$5:$J$304,$B$3,Saisies!$K$5:$K$304,$D$3,Saisies!$G$5:$G$304,">=0")=0,"",SUMIFS(Saisies!$G$5:$G$304,Saisies!$B$5:$B$304,$A9,Saisies!$J$5:$J$304,$B$3,Saisies!$K$5:$K$304,$D$3))) | I9: =IF(OR(G9="",H9=""),"",H9-G9) | J9: =IF(K9="","",SUMIFS(Saisies!$E$5:$E$304,Saisies!$B$5:$B$304,$A9,Saisies!$A$5:$A$304,K9)) | K9: =IF($A9="","",IF(COUNTIFS(Saisies!$B$5:$B$304,$A9,Saisies!$J$5:$J$304,$B$3,Saisies!$K$5:$K$304,$D$3,Saisies!$E$5:$E$304,">=0")=0,"",_xlfn.MAXIFS(Saisies!$A$5:$A$304,Saisies!$B$5:$B$304,$A9,Saisies!$J$5:$J$304,$B$3,Saisies!$K$5:$K$304,$D$3,Saisies!$E$5:$E$304,">=0")))
A10: =IF(Produits!$A$9="","",Produits!$A$9) | B10: =IF(Produits!$A$9="","",Produits!$C$9) | C10: =IF($A10="","",IF(COUNTIFS(Saisies!$B$5:$B$304,$A10,Saisies!$J$5:$J$304,$B$3,Saisies!$K$5:$K$304,$D$3,Saisies!$I$5:$I$304,"S1",Saisies!$F$5:$F$304,">=0")=0,"",SUMIFS(Saisies!$F$5:$F$304,Saisies!$B$5:$B$304,$A10,Saisies!$J$5:$J$304,$B$3,Saisies!$K$5:$K$304,$D$3,Saisies!$I$5:$I$304,"S1"))) | D10: =IF($A10="","",IF(COUNTIFS(Saisies!$B$5:$B$304,$A10,Saisies!$J$5:$J$304,$B$3,Saisies!$K$5:$K$304,$D$3,Saisies!$I$5:$I$304,"S2",Saisies!$F$5:$F$304,">=0")=0,"",SUMIFS(Saisies!$F$5:$F$304,Saisies!$B$5:$B$304,$A10,Saisies!$J$5:$J$304,$B$3,Saisies!$K$5:$K$304,$D$3,Saisies!$I$5:$I$304,"S2"))) | E10: =IF($A10="","",IF(COUNTIFS(Saisies!$B$5:$B$304,$A10,Saisies!$J$5:$J$304,$B$3,Saisies!$K$5:$K$304,$D$3,Saisies!$I$5:$I$304,"S3",Saisies!$F$5:$F$304,">=0")=0,"",SUMIFS(Saisies!$F$5:$F$304,Saisies!$B$5:$B$304,$A10,Saisies!$J$5:$J$304,$B$3,Saisies!$K$5:$K$304,$D$3,Saisies!$I$5:$I$304,"S3"))) | F10: =IF($A10="","",IF(COUNTIFS(Saisies!$B$5:$B$304,$A10,Saisies!$J$5:$J$304,$B$3,Saisies!$K$5:$K$304,$D$3,Saisies!$I$5:$I$304,"S4",Saisies!$F$5:$F$304,">=0")=0,"",SUMIFS(Saisies!$F$5:$F$304,Saisies!$B$5:$B$304,$A10,Saisies!$J$5:$J$304,$B$3,Saisies!$K$5:$K$304,$D$3,Saisies!$I$5:$I$304,"S4"))) | G10: =IF($A10="","",IF(COUNTIFS(Saisies!$B$5:$B$304,$A10,Saisies!$J$5:$J$304,$B$3,Saisies!$K$5:$K$304,$D$3,Saisies!$F$5:$F$304,">=0")=0,"",SUMIFS(Saisies!$F$5:$F$304,Saisies!$B$5:$B$304,$A10,Saisies!$J$5:$J$304,$B$3,Saisies!$K$5:$K$304,$D$3))) | H10: =IF($A10="","",IF(COUNTIFS(Saisies!$B$5:$B$304,$A10,Saisies!$J$5:$J$304,$B$3,Saisies!$K$5:$K$304,$D$3,Saisies!$G$5:$G$304,">=0")=0,"",SUMIFS(Saisies!$G$5:$G$304,Saisies!$B$5:$B$304,$A10,Saisies!$J$5:$J$304,$B$3,Saisies!$K$5:$K$304,$D$3))) | I10: =IF(OR(G10="",H10=""),"",H10-G10) | J10: =IF(K10="","",SUMIFS(Saisies!$E$5:$E$304,Saisies!$B$5:$B$304,$A10,Saisies!$A$5:$A$304,K10)) | K10: =IF($A10="","",IF(COUNTIFS(Saisies!$B$5:$B$304,$A10,Saisies!$J$5:$J$304,$B$3,Saisies!$K$5:$K$304,$D$3,Saisies!$E$5:$E$304,">=0")=0,"",_xlfn.MAXIFS(Saisies!$A$5:$A$304,Saisies!$B$5:$B$304,$A10,Saisies!$J$5:$J$304,$B$3,Saisies!$K$5:$K$304,$D$3,Saisies!$E$5:$E$304,">=0")))
A11: =IF(Produits!$A$10="","",Produits!$A$10) | B11: =IF(Produits!$A$10="","",Produits!$C$10) | C11: =IF($A11="","",IF(COUNTIFS(Saisies!$B$5:$B$304,$A11,Saisies!$J$5:$J$304,$B$3,Saisies!$K$5:$K$304,$D$3,Saisies!$I$5:$I$304,"S1",Saisies!$F$5:$F$304,">=0")=0,"",SUMIFS(Saisies!$F$5:$F$304,Saisies!$B$5:$B$304,$A11,Saisies!$J$5:$J$304,$B$3,Saisies!$K$5:$K$304,$D$3,Saisies!$I$5:$I$304,"S1"))) | D11: =IF($A11="","",IF(COUNTIFS(Saisies!$B$5:$B$304,$A11,Saisies!$J$5:$J$304,$B$3,Saisies!$K$5:$K$304,$D$3,Saisies!$I$5:$I$304,"S2",Saisies!$F$5:$F$304,">=0")=0,"",SUMIFS(Saisies!$F$5:$F$304,Saisies!$B$5:$B$304,$A11,Saisies!$J$5:$J$304,$B$3,Saisies!$K$5:$K$304,$D$3,Saisies!$I$5:$I$304,"S2"))) | E11: =IF($A11="","",IF(COUNTIFS(Saisies!$B$5:$B$304,$A11,Saisies!$J$5:$J$304,$B$3,Saisies!$K$5:$K$304,$D$3,Saisies!$I$5:$I$304,"S3",Saisies!$F$5:$F$304,">=0")=0,"",SUMIFS(Saisies!$F$5:$F$304,Saisies!$B$5:$B$304,$A11,Saisies!$J$5:$J$304,$B$3,Saisies!$K$5:$K$304,$D$3,Saisies!$I$5:$I$304,"S3"))) | F11: =IF($A11="","",IF(COUNTIFS(Saisies!$B$5:$B$304,$A11,Saisies!$J$5:$J$304,$B$3,Saisies!$K$5:$K$304,$D$3,Saisies!$I$5:$I$304,"S4",Saisies!$F$5:$F$304,">=0")=0,"",SUMIFS(Saisies!$F$5:$F$304,Saisies!$B$5:$B$304,$A11,Saisies!$J$5:$J$304,$B$3,Saisies!$K$5:$K$304,$D$3,Saisies!$I$5:$I$304,"S4"))) | G11: =IF($A11="","",IF(COUNTIFS(Saisies!$B$5:$B$304,$A11,Saisies!$J$5:$J$304,$B$3,Saisies!$K$5:$K$304,$D$3,Saisies!$F$5:$F$304,">=0")=0,"",SUMIFS(Saisies!$F$5:$F$304,Saisies!$B$5:$B$304,$A11,Saisies!$J$5:$J$304,$B$3,Saisies!$K$5:$K$304,$D$3))) | H11: =IF($A11="","",IF(COUNTIFS(Saisies!$B$5:$B$304,$A11,Saisies!$J$5:$J$304,$B$3,Saisies!$K$5:$K$304,$D$3,Saisies!$G$5:$G$304,">=0")=0,"",SUMIFS(Saisies!$G$5:$G$304,Saisies!$B$5:$B$304,$A11,Saisies!$J$5:$J$304,$B$3,Saisies!$K$5:$K$304,$D$3))) | I11: =IF(OR(G11="",H11=""),"",H11-G11) | J11: =IF(K11="","",SUMIFS(Saisies!$E$5:$E$304,Saisies!$B$5:$B$304,$A11,Saisies!$A$5:$A$304,K11)) | K11: =IF($A11="","",IF(COUNTIFS(Saisies!$B$5:$B$304,$A11,Saisies!$J$5:$J$304,$B$3,Saisies!$K$5:$K$304,$D$3,Saisies!$E$5:$E$304,">=0")=0,"",_xlfn.MAXIFS(Saisies!$A$5:$A$304,Saisies!$B$5:$B$304,$A11,Saisies!$J$5:$J$304,$B$3,Saisies!$K$5:$K$304,$D$3,Saisies!$E$5:$E$304,">=0")))
A12: =IF(Produits!$A$11="","",Produits!$A$11) | B12: =IF(Produits!$A$11="","",Produits!$C$11) | C12: =IF($A12="","",IF(COUNTIFS(Saisies!$B$5:$B$304,$A12,Saisies!$J$5:$J$304,$B$3,Saisies!$K$5:$K$304,$D$3,Saisies!$I$5:$I$304,"S1",Saisies!$F$5:$F$304,">=0")=0,"",SUMIFS(Saisies!$F$5:$F$304,Saisies!$B$5:$B$304,$A12,Saisies!$J$5:$J$304,$B$3,Saisies!$K$5:$K$304,$D$3,Saisies!$I$5:$I$304,"S1"))) | D12: =IF($A12="","",IF(COUNTIFS(Saisies!$B$5:$B$304,$A12,Saisies!$J$5:$J$304,$B$3,Saisies!$K$5:$K$304,$D$3,Saisies!$I$5:$I$304,"S2",Saisies!$F$5:$F$304,">=0")=0,"",SUMIFS(Saisies!$F$5:$F$304,Saisies!$B$5:$B$304,$A12,Saisies!$J$5:$J$304,$B$3,Saisies!$K$5:$K$304,$D$3,Saisies!$I$5:$I$304,"S2"))) | E12: =IF($A12="","",IF(COUNTIFS(Saisies!$B$5:$B$304,$A12,Saisies!$J$5:$J$304,$B$3,Saisies!$K$5:$K$304,$D$3,Saisies!$I$5:$I$304,"S3",Saisies!$F$5:$F$304,">=0")=0,"",SUMIFS(Saisies!$F$5:$F$304,Saisies!$B$5:$B$304,$A12,Saisies!$J$5:$J$304,$B$3,Saisies!$K$5:$K$304,$D$3,Saisies!$I$5:$I$304,"S3"))) | F12: =IF($A12="","",IF(COUNTIFS(Saisies!$B$5:$B$304,$A12,Saisies!$J$5:$J$304,$B$3,Saisies!$K$5:$K$304,$D$3,Saisies!$I$5:$I$304,"S4",Saisies!$F$5:$F$304,">=0")=0,"",SUMIFS(Saisies!$F$5:$F$304,Saisies!$B$5:$B$304,$A12,Saisies!$J$5:$J$304,$B$3,Saisies!$K$5:$K$304,$D$3,Saisies!$I$5:$I$304,"S4"))) | G12: =IF($A12="","",IF(COUNTIFS(Saisies!$B$5:$B$304,$A12,Saisies!$J$5:$J$304,$B$3,Saisies!$K$5:$K$304,$D$3,Saisies!$F$5:$F$304,">=0")=0,"",SUMIFS(Saisies!$F$5:$F$304,Saisies!$B$5:$B$304,$A12,Saisies!$J$5:$J$304,$B$3,Saisies!$K$5:$K$304,$D$3))) | H12: =IF($A12="","",IF(COUNTIFS(Saisies!$B$5:$B$304,$A12,Saisies!$J$5:$J$304,$B$3,Saisies!$K$5:$K$304,$D$3,Saisies!$G$5:$G$304,">=0")=0,"",SUMIFS(Saisies!$G$5:$G$304,Saisies!$B$5:$B$304,$A12,Saisies!$J$5:$J$304,$B$3,Saisies!$K$5:$K$304,$D$3))) | I12: =IF(OR(G12="",H12=""),"",H12-G12) | J12: =IF(K12="","",SUMIFS(Saisies!$E$5:$E$304,Saisies!$B$5:$B$304,$A12,Saisies!$A$5:$A$304,K12)) | K12: =IF($A12="","",IF(COUNTIFS(Saisies!$B$5:$B$304,$A12,Saisies!$J$5:$J$304,$B$3,Saisies!$K$5:$K$304,$D$3,Saisies!$E$5:$E$304,">=0")=0,"",_xlfn.MAXIFS(Saisies!$A$5:$A$304,Saisies!$B$5:$B$304,$A12,Saisies!$J$5:$J$304,$B$3,Saisies!$K$5:$K$304,$D$3,Saisies!$E$5:$E$304,">=0")))
A13: =IF(Produits!$A$12="","",Produits!$A$12) | B13: =IF(Produits!$A$12="","",Produits!$C$12) | C13: =IF($A13="","",IF(COUNTIFS(Saisies!$B$5:$B$304,$A13,Saisies!$J$5:$J$304,$B$3,Saisies!$K$5:$K$304,$D$3,Saisies!$I$5:$I$304,"S1",Saisies!$F$5:$F$304,">=0")=0,"",SUMIFS(Saisies!$F$5:$F$304,Saisies!$B$5:$B$304,$A13,Saisies!$J$5:$J$304,$B$3,Saisies!$K$5:$K$304,$D$3,Saisies!$I$5:$I$304,"S1"))) | D13: =IF($A13="","",IF(COUNTIFS(Saisies!$B$5:$B$304,$A13,Saisies!$J$5:$J$304,$B$3,Saisies!$K$5:$K$304,$D$3,Saisies!$I$5:$I$304,"S2",Saisies!$F$5:$F$304,">=0")=0,"",SUMIFS(Saisies!$F$5:$F$304,Saisies!$B$5:$B$304,$A13,Saisies!$J$5:$J$304,$B$3,Saisies!$K$5:$K$304,$D$3,Saisies!$I$5:$I$304,"S2"))) | E13: =IF($A13="","",IF(COUNTIFS(Saisies!$B$5:$B$304,$A13,Saisies!$J$5:$J$304,$B$3,Saisies!$K$5:$K$304,$D$3,Saisies!$I$5:$I$304,"S3",Saisies!$F$5:$F$304,">=0")=0,"",SUMIFS(Saisies!$F$5:$F$304,Saisies!$B$5:$B$304,$A13,Saisies!$J$5:$J$304,$B$3,Saisies!$K$5:$K$304,$D$3,Saisies!$I$5:$I$304,"S3"))) | F13: =IF($A13="","",IF(COUNTIFS(Saisies!$B$5:$B$304,$A13,Saisies!$J$5:$J$304,$B$3,Saisies!$K$5:$K$304,$D$3,Saisies!$I$5:$I$304,"S4",Saisies!$F$5:$F$304,">=0")=0,"",SUMIFS(Saisies!$F$5:$F$304,Saisies!$B$5:$B$304,$A13,Saisies!$J$5:$J$304,$B$3,Saisies!$K$5:$K$304,$D$3,Saisies!$I$5:$I$304,"S4"))) | G13: =IF($A13="","",IF(COUNTIFS(Saisies!$B$5:$B$304,$A13,Saisies!$J$5:$J$304,$B$3,Saisies!$K$5:$K$304,$D$3,Saisies!$F$5:$F$304,">=0")=0,"",SUMIFS(Saisies!$F$5:$F$304,Saisies!$B$5:$B$304,$A13,Saisies!$J$5:$J$304,$B$3,Saisies!$K$5:$K$304,$D$3))) | H13: =IF($A13="","",IF(COUNTIFS(Saisies!$B$5:$B$304,$A13,Saisies!$J$5:$J$304,$B$3,Saisies!$K$5:$K$304,$D$3,Saisies!$G$5:$G$304,">=0")=0,"",SUMIFS(Saisies!$G$5:$G$304,Saisies!$B$5:$B$304,$A13,Saisies!$J$5:$J$304,$B$3,Saisies!$K$5:$K$304,$D$3))) | I13: =IF(OR(G13="",H13=""),"",H13-G13) | J13: =IF(K13="","",SUMIFS(Saisies!$E$5:$E$304,Saisies!$B$5:$B$304,$A13,Saisies!$A$5:$A$304,K13)) | K13: =IF($A13="","",IF(COUNTIFS(Saisies!$B$5:$B$304,$A13,Saisies!$J$5:$J$304,$B$3,Saisies!$K$5:$K$304,$D$3,Saisies!$E$5:$E$304,">=0")=0,"",_xlfn.MAXIFS(Saisies!$A$5:$A$304,Saisies!$B$5:$B$304,$A13,Saisies!$J$5:$J$304,$B$3,Saisies!$K$5:$K$304,$D$3,Saisies!$E$5:$E$304,">=0")))
A14: =IF(Produits!$A$13="","",Produits!$A$13) | B14: =IF(Produits!$A$13="","",Produits!$C$13) | C14: =IF($A14="","",IF(COUNTIFS(Saisies!$B$5:$B$304,$A14,Saisies!$J$5:$J$304,$B$3,Saisies!$K$5:$K$304,$D$3,Saisies!$I$5:$I$304,"S1",Saisies!$F$5:$F$304,">=0")=0,"",SUMIFS(Saisies!$F$5:$F$304,Saisies!$B$5:$B$304,$A14,Saisies!$J$5:$J$304,$B$3,Saisies!$K$5:$K$304,$D$3,Saisies!$I$5:$I$304,"S1"))) | D14: =IF($A14="","",IF(COUNTIFS(Saisies!$B$5:$B$304,$A14,Saisies!$J$5:$J$304,$B$3,Saisies!$K$5:$K$304,$D$3,Saisies!$I$5:$I$304,"S2",Saisies!$F$5:$F$304,">=0")=0,"",SUMIFS(Saisies!$F$5:$F$304,Saisies!$B$5:$B$304,$A14,Saisies!$J$5:$J$304,$B$3,Saisies!$K$5:$K$304,$D$3,Saisies!$I$5:$I$304,"S2"))) | E14: =IF($A14="","",IF(COUNTIFS(Saisies!$B$5:$B$304,$A14,Saisies!$J$5:$J$304,$B$3,Saisies!$K$5:$K$304,$D$3,Saisies!$I$5:$I$304,"S3",Saisies!$F$5:$F$304,">=0")=0,"",SUMIFS(Saisies!$F$5:$F$304,Saisies!$B$5:$B$304,$A14,Saisies!$J$5:$J$304,$B$3,Saisies!$K$5:$K$304,$D$3,Saisies!$I$5:$I$304,"S3"))) | F14: =IF($A14="","",IF(COUNTIFS(Saisies!$B$5:$B$304,$A14,Saisies!$J$5:$J$304,$B$3,Saisies!$K$5:$K$304,$D$3,Saisies!$I$5:$I$304,"S4",Saisies!$F$5:$F$304,">=0")=0,"",SUMIFS(Saisies!$F$5:$F$304,Saisies!$B$5:$B$304,$A14,Saisies!$J$5:$J$304,$B$3,Saisies!$K$5:$K$304,$D$3,Saisies!$I$5:$I$304,"S4"))) | G14: =IF($A14="","",IF(COUNTIFS(Saisies!$B$5:$B$304,$A14,Saisies!$J$5:$J$304,$B$3,Saisies!$K$5:$K$304,$D$3,Saisies!$F$5:$F$304,">=0")=0,"",SUMIFS(Saisies!$F$5:$F$304,Saisies!$B$5:$B$304,$A14,Saisies!$J$5:$J$304,$B$3,Saisies!$K$5:$K$304,$D$3))) | H14: =IF($A14="","",IF(COUNTIFS(Saisies!$B$5:$B$304,$A14,Saisies!$J$5:$J$304,$B$3,Saisies!$K$5:$K$304,$D$3,Saisies!$G$5:$G$304,">=0")=0,"",SUMIFS(Saisies!$G$5:$G$304,Saisies!$B$5:$B$304,$A14,Saisies!$J$5:$J$304,$B$3,Saisies!$K$5:$K$304,$D$3))) | I14: =IF(OR(G14="",H14=""),"",H14-G14) | J14: =IF(K14="","",SUMIFS(Saisies!$E$5:$E$304,Saisies!$B$5:$B$304,$A14,Saisies!$A$5:$A$304,K14)) | K14: =IF($A14="","",IF(COUNTIFS(Saisies!$B$5:$B$304,$A14,Saisies!$J$5:$J$304,$B$3,Saisies!$K$5:$K$304,$D$3,Saisies!$E$5:$E$304,">=0")=0,"",_xlfn.MAXIFS(Saisies!$A$5:$A$304,Saisies!$B$5:$B$304,$A14,Saisies!$J$5:$J$304,$B$3,Saisies!$K$5:$K$304,$D$3,Saisies!$E$5:$E$304,">=0")))
A15: =IF(Produits!$A$14="","",Produits!$A$14) | B15: =IF(Produits!$A$14="","",Produits!$C$14) | C15: =IF($A15="","",IF(COUNTIFS(Saisies!$B$5:$B$304,$A15,Saisies!$J$5:$J$304,$B$3,Saisies!$K$5:$K$304,$D$3,Saisies!$I$5:$I$304,"S1",Saisies!$F$5:$F$304,">=0")=0,"",SUMIFS(Saisies!$F$5:$F$304,Saisies!$B$5:$B$304,$A15,Saisies!$J$5:$J$304,$B$3,Saisies!$K$5:$K$304,$D$3,Saisies!$I$5:$I$304,"S1"))) | D15: =IF($A15="","",IF(COUNTIFS(Saisies!$B$5:$B$304,$A15,Saisies!$J$5:$J$304,$B$3,Saisies!$K$5:$K$304,$D$3,Saisies!$I$5:$I$304,"S2",Saisies!$F$5:$F$304,">=0")=0,"",SUMIFS(Saisies!$F$5:$F$304,Saisies!$B$5:$B$304,$A15,Saisies!$J$5:$J$304,$B$3,Saisies!$K$5:$K$304,$D$3,Saisies!$I$5:$I$304,"S2"))) | E15: =IF($A15="","",IF(COUNTIFS(Saisies!$B$5:$B$304,$A15,Saisies!$J$5:$J$304,$B$3,Saisies!$K$5:$K$304,$D$3,Saisies!$I$5:$I$304,"S3",Saisies!$F$5:$F$304,">=0")=0,"",SUMIFS(Saisies!$F$5:$F$304,Saisies!$B$5:$B$304,$A15,Saisies!$J$5:$J$304,$B$3,Saisies!$K$5:$K$304,$D$3,Saisies!$I$5:$I$304,"S3"))) | F15: =IF($A15="","",IF(COUNTIFS(Saisies!$B$5:$B$304,$A15,Saisies!$J$5:$J$304,$B$3,Saisies!$K$5:$K$304,$D$3,Saisies!$I$5:$I$304,"S4",Saisies!$F$5:$F$304,">=0")=0,"",SUMIFS(Saisies!$F$5:$F$304,Saisies!$B$5:$B$304,$A15,Saisies!$J$5:$J$304,$B$3,Saisies!$K$5:$K$304,$D$3,Saisies!$I$5:$I$304,"S4"))) | G15: =IF($A15="","",IF(COUNTIFS(Saisies!$B$5:$B$304,$A15,Saisies!$J$5:$J$304,$B$3,Saisies!$K$5:$K$304,$D$3,Saisies!$F$5:$F$304,">=0")=0,"",SUMIFS(Saisies!$F$5:$F$304,Saisies!$B$5:$B$304,$A15,Saisies!$J$5:$J$304,$B$3,Saisies!$K$5:$K$304,$D$3))) | H15: =IF($A15="","",IF(COUNTIFS(Saisies!$B$5:$B$304,$A15,Saisies!$J$5:$J$304,$B$3,Saisies!$K$5:$K$304,$D$3,Saisies!$G$5:$G$304,">=0")=0,"",SUMIFS(Saisies!$G$5:$G$304,Saisies!$B$5:$B$304,$A15,Saisies!$J$5:$J$304,$B$3,Saisies!$K$5:$K$304,$D$3))) | I15: =IF(OR(G15="",H15=""),"",H15-G15) | J15: =IF(K15="","",SUMIFS(Saisies!$E$5:$E$304,Saisies!$B$5:$B$304,$A15,Saisies!$A$5:$A$304,K15)) | K15: =IF($A15="","",IF(COUNTIFS(Saisies!$B$5:$B$304,$A15,Saisies!$J$5:$J$304,$B$3,Saisies!$K$5:$K$304,$D$3,Saisies!$E$5:$E$304,">=0")=0,"",_xlfn.MAXIFS(Saisies!$A$5:$A$304,Saisies!$B$5:$B$304,$A15,Saisies!$J$5:$J$304,$B$3,Saisies!$K$5:$K$304,$D$3,Saisies!$E$5:$E$304,">=0")))
A16: =IF(Produits!$A$15="","",Produits!$A$15) | B16: =IF(Produits!$A$15="","",Produits!$C$15) | C16: =IF($A16="","",IF(COUNTIFS(Saisies!$B$5:$B$304,$A16,Saisies!$J$5:$J$304,$B$3,Saisies!$K$5:$K$304,$D$3,Saisies!$I$5:$I$304,"S1",Saisies!$F$5:$F$304,">=0")=0,"",SUMIFS(Saisies!$F$5:$F$304,Saisies!$B$5:$B$304,$A16,Saisies!$J$5:$J$304,$B$3,Saisies!$K$5:$K$304,$D$3,Saisies!$I$5:$I$304,"S1"))) | D16: =IF($A16="","",IF(COUNTIFS(Saisies!$B$5:$B$304,$A16,Saisies!$J$5:$J$304,$B$3,Saisies!$K$5:$K$304,$D$3,Saisies!$I$5:$I$304,"S2",Saisies!$F$5:$F$304,">=0")=0,"",SUMIFS(Saisies!$F$5:$F$304,Saisies!$B$5:$B$304,$A16,Saisies!$J$5:$J$304,$B$3,Saisies!$K$5:$K$304,$D$3,Saisies!$I$5:$I$304,"S2"))) | E16: =IF($A16="","",IF(COUNTIFS(Saisies!$B$5:$B$304,$A16,Saisies!$J$5:$J$304,$B$3,Saisies!$K$5:$K$304,$D$3,Saisies!$I$5:$I$304,"S3",Saisies!$F$5:$F$304,">=0")=0,"",SUMIFS(Saisies!$F$5:$F$304,Saisies!$B$5:$B$304,$A16,Saisies!$J$5:$J$304,$B$3,Saisies!$K$5:$K$304,$D$3,Saisies!$I$5:$I$304,"S3"))) | F16: =IF($A16="","",IF(COUNTIFS(Saisies!$B$5:$B$304,$A16,Saisies!$J$5:$J$304,$B$3,Saisies!$K$5:$K$304,$D$3,Saisies!$I$5:$I$304,"S4",Saisies!$F$5:$F$304,">=0")=0,"",SUMIFS(Saisies!$F$5:$F$304,Saisies!$B$5:$B$304,$A16,Saisies!$J$5:$J$304,$B$3,Saisies!$K$5:$K$304,$D$3,Saisies!$I$5:$I$304,"S4"))) | G16: =IF($A16="","",IF(COUNTIFS(Saisies!$B$5:$B$304,$A16,Saisies!$J$5:$J$304,$B$3,Saisies!$K$5:$K$304,$D$3,Saisies!$F$5:$F$304,">=0")=0,"",SUMIFS(Saisies!$F$5:$F$304,Saisies!$B$5:$B$304,$A16,Saisies!$J$5:$J$304,$B$3,Saisies!$K$5:$K$304,$D$3))) | H16: =IF($A16="","",IF(COUNTIFS(Saisies!$B$5:$B$304,$A16,Saisies!$J$5:$J$304,$B$3,Saisies!$K$5:$K$304,$D$3,Saisies!$G$5:$G$304,">=0")=0,"",SUMIFS(Saisies!$G$5:$G$304,Saisies!$B$5:$B$304,$A16,Saisies!$J$5:$J$304,$B$3,Saisies!$K$5:$K$304,$D$3))) | I16: =IF(OR(G16="",H16=""),"",H16-G16) | J16: =IF(K16="","",SUMIFS(Saisies!$E$5:$E$304,Saisies!$B$5:$B$304,$A16,Saisies!$A$5:$A$304,K16)) | K16: =IF($A16="","",IF(COUNTIFS(Saisies!$B$5:$B$304,$A16,Saisies!$J$5:$J$304,$B$3,Saisies!$K$5:$K$304,$D$3,Saisies!$E$5:$E$304,">=0")=0,"",_xlfn.MAXIFS(Saisies!$A$5:$A$304,Saisies!$B$5:$B$304,$A16,Saisies!$J$5:$J$304,$B$3,Saisies!$K$5:$K$304,$D$3,Saisies!$E$5:$E$304,">=0")))
A17: =IF(Produits!$A$16="","",Produits!$A$16) | B17: =IF(Produits!$A$16="","",Produits!$C$16) | C17: =IF($A17="","",IF(COUNTIFS(Saisies!$B$5:$B$304,$A17,Saisies!$J$5:$J$304,$B$3,Saisies!$K$5:$K$304,$D$3,Saisies!$I$5:$I$304,"S1",Saisies!$F$5:$F$304,">=0")=0,"",SUMIFS(Saisies!$F$5:$F$304,Saisies!$B$5:$B$304,$A17,Saisies!$J$5:$J$304,$B$3,Saisies!$K$5:$K$304,$D$3,Saisies!$I$5:$I$304,"S1"))) | D17: =IF($A17="","",IF(COUNTIFS(Saisies!$B$5:$B$304,$A17,Saisies!$J$5:$J$304,$B$3,Saisies!$K$5:$K$304,$D$3,Saisies!$I$5:$I$304,"S2",Saisies!$F$5:$F$304,">=0")=0,"",SUMIFS(Saisies!$F$5:$F$304,Saisies!$B$5:$B$304,$A17,Saisies!$J$5:$J$304,$B$3,Saisies!$K$5:$K$304,$D$3,Saisies!$I$5:$I$304,"S2"))) | E17: =IF($A17="","",IF(COUNTIFS(Saisies!$B$5:$B$304,$A17,Saisies!$J$5:$J$304,$B$3,Saisies!$K$5:$K$304,$D$3,Saisies!$I$5:$I$304,"S3",Saisies!$F$5:$F$304,">=0")=0,"",SUMIFS(Saisies!$F$5:$F$304,Saisies!$B$5:$B$304,$A17,Saisies!$J$5:$J$304,$B$3,Saisies!$K$5:$K$304,$D$3,Saisies!$I$5:$I$304,"S3"))) | F17: =IF($A17="","",IF(COUNTIFS(Saisies!$B$5:$B$304,$A17,Saisies!$J$5:$J$304,$B$3,Saisies!$K$5:$K$304,$D$3,Saisies!$I$5:$I$304,"S4",Saisies!$F$5:$F$304,">=0")=0,"",SUMIFS(Saisies!$F$5:$F$304,Saisies!$B$5:$B$304,$A17,Saisies!$J$5:$J$304,$B$3,Saisies!$K$5:$K$304,$D$3,Saisies!$I$5:$I$304,"S4"))) | G17: =IF($A17="","",IF(COUNTIFS(Saisies!$B$5:$B$304,$A17,Saisies!$J$5:$J$304,$B$3,Saisies!$K$5:$K$304,$D$3,Saisies!$F$5:$F$304,">=0")=0,"",SUMIFS(Saisies!$F$5:$F$304,Saisies!$B$5:$B$304,$A17,Saisies!$J$5:$J$304,$B$3,Saisies!$K$5:$K$304,$D$3))) | H17: =IF($A17="","",IF(COUNTIFS(Saisies!$B$5:$B$304,$A17,Saisies!$J$5:$J$304,$B$3,Saisies!$K$5:$K$304,$D$3,Saisies!$G$5:$G$304,">=0")=0,"",SUMIFS(Saisies!$G$5:$G$304,Saisies!$B$5:$B$304,$A17,Saisies!$J$5:$J$304,$B$3,Saisies!$K$5:$K$304,$D$3))) | I17: =IF(OR(G17="",H17=""),"",H17-G17) | J17: =IF(K17="","",SUMIFS(Saisies!$E$5:$E$304,Saisies!$B$5:$B$304,$A17,Saisies!$A$5:$A$304,K17)) | K17: =IF($A17="","",IF(COUNTIFS(Saisies!$B$5:$B$304,$A17,Saisies!$J$5:$J$304,$B$3,Saisies!$K$5:$K$304,$D$3,Saisies!$E$5:$E$304,">=0")=0,"",_xlfn.MAXIFS(Saisies!$A$5:$A$304,Saisies!$B$5:$B$304,$A17,Saisies!$J$5:$J$304,$B$3,Saisies!$K$5:$K$304,$D$3,Saisies!$E$5:$E$304,">=0")))
A18: =IF(Produits!$A$17="","",Produits!$A$17) | B18: =IF(Produits!$A$17="","",Produits!$C$17) | C18: =IF($A18="","",IF(COUNTIFS(Saisies!$B$5:$B$304,$A18,Saisies!$J$5:$J$304,$B$3,Saisies!$K$5:$K$304,$D$3,Saisies!$I$5:$I$304,"S1",Saisies!$F$5:$F$304,">=0")=0,"",SUMIFS(Saisies!$F$5:$F$304,Saisies!$B$5:$B$304,$A18,Saisies!$J$5:$J$304,$B$3,Saisies!$K$5:$K$304,$D$3,Saisies!$I$5:$I$304,"S1"))) | D18: =IF($A18="","",IF(COUNTIFS(Saisies!$B$5:$B$304,$A18,Saisies!$J$5:$J$304,$B$3,Saisies!$K$5:$K$304,$D$3,Saisies!$I$5:$I$304,"S2",Saisies!$F$5:$F$304,">=0")=0,"",SUMIFS(Saisies!$F$5:$F$304,Saisies!$B$5:$B$304,$A18,Saisies!$J$5:$J$304,$B$3,Saisies!$K$5:$K$304,$D$3,Saisies!$I$5:$I$304,"S2"))) | E18: =IF($A18="","",IF(COUNTIFS(Saisies!$B$5:$B$304,$A18,Saisies!$J$5:$J$304,$B$3,Saisies!$K$5:$K$304,$D$3,Saisies!$I$5:$I$304,"S3",Saisies!$F$5:$F$304,">=0")=0,"",SUMIFS(Saisies!$F$5:$F$304,Saisies!$B$5:$B$304,$A18,Saisies!$J$5:$J$304,$B$3,Saisies!$K$5:$K$304,$D$3,Saisies!$I$5:$I$304,"S3"))) | F18: =IF($A18="","",IF(COUNTIFS(Saisies!$B$5:$B$304,$A18,Saisies!$J$5:$J$304,$B$3,Saisies!$K$5:$K$304,$D$3,Saisies!$I$5:$I$304,"S4",Saisies!$F$5:$F$304,">=0")=0,"",SUMIFS(Saisies!$F$5:$F$304,Saisies!$B$5:$B$304,$A18,Saisies!$J$5:$J$304,$B$3,Saisies!$K$5:$K$304,$D$3,Saisies!$I$5:$I$304,"S4"))) | G18: =IF($A18="","",IF(COUNTIFS(Saisies!$B$5:$B$304,$A18,Saisies!$J$5:$J$304,$B$3,Saisies!$K$5:$K$304,$D$3,Saisies!$F$5:$F$304,">=0")=0,"",SUMIFS(Saisies!$F$5:$F$304,Saisies!$B$5:$B$304,$A18,Saisies!$J$5:$J$304,$B$3,Saisies!$K$5:$K$304,$D$3))) | H18: =IF($A18="","",IF(COUNTIFS(Saisies!$B$5:$B$304,$A18,Saisies!$J$5:$J$304,$B$3,Saisies!$K$5:$K$304,$D$3,Saisies!$G$5:$G$304,">=0")=0,"",SUMIFS(Saisies!$G$5:$G$304,Saisies!$B$5:$B$304,$A18,Saisies!$J$5:$J$304,$B$3,Saisies!$K$5:$K$304,$D$3))) | I18: =IF(OR(G18="",H18=""),"",H18-G18) | J18: =IF(K18="","",SUMIFS(Saisies!$E$5:$E$304,Saisies!$B$5:$B$304,$A18,Saisies!$A$5:$A$304,K18)) | K18: =IF($A18="","",IF(COUNTIFS(Saisies!$B$5:$B$304,$A18,Saisies!$J$5:$J$304,$B$3,Saisies!$K$5:$K$304,$D$3,Saisies!$E$5:$E$304,">=0")=0,"",_xlfn.MAXIFS(Saisies!$A$5:$A$304,Saisies!$B$5:$B$304,$A18,Saisies!$J$5:$J$304,$B$3,Saisies!$K$5:$K$304,$D$3,Saisies!$E$5:$E$304,">=0")))
A19: =IF(Produits!$A$18="","",Produits!$A$18) | B19: =IF(Produits!$A$18="","",Produits!$C$18) | C19: =IF($A19="","",IF(COUNTIFS(Saisies!$B$5:$B$304,$A19,Saisies!$J$5:$J$304,$B$3,Saisies!$K$5:$K$304,$D$3,Saisies!$I$5:$I$304,"S1",Saisies!$F$5:$F$304,">=0")=0,"",SUMIFS(Saisies!$F$5:$F$304,Saisies!$B$5:$B$304,$A19,Saisies!$J$5:$J$304,$B$3,Saisies!$K$5:$K$304,$D$3,Saisies!$I$5:$I$304,"S1"))) | D19: =IF($A19="","",IF(COUNTIFS(Saisies!$B$5:$B$304,$A19,Saisies!$J$5:$J$304,$B$3,Saisies!$K$5:$K$304,$D$3,Saisies!$I$5:$I$304,"S2",Saisies!$F$5:$F$304,">=0")=0,"",SUMIFS(Saisies!$F$5:$F$304,Saisies!$B$5:$B$304,$A19,Saisies!$J$5:$J$304,$B$3,Saisies!$K$5:$K$304,$D$3,Saisies!$I$5:$I$304,"S2"))) | E19: =IF($A19="","",IF(COUNTIFS(Saisies!$B$5:$B$304,$A19,Saisies!$J$5:$J$304,$B$3,Saisies!$K$5:$K$304,$D$3,Saisies!$I$5:$I$304,"S3",Saisies!$F$5:$F$304,">=0")=0,"",SUMIFS(Saisies!$F$5:$F$304,Saisies!$B$5:$B$304,$A19,Saisies!$J$5:$J$304,$B$3,Saisies!$K$5:$K$304,$D$3,Saisies!$I$5:$I$304,"S3"))) | F19: =IF($A19="","",IF(COUNTIFS(Saisies!$B$5:$B$304,$A19,Saisies!$J$5:$J$304,$B$3,Saisies!$K$5:$K$304,$D$3,Saisies!$I$5:$I$304,"S4",Saisies!$F$5:$F$304,">=0")=0,"",SUMIFS(Saisies!$F$5:$F$304,Saisies!$B$5:$B$304,$A19,Saisies!$J$5:$J$304,$B$3,Saisies!$K$5:$K$304,$D$3,Saisies!$I$5:$I$304,"S4"))) | G19: =IF($A19="","",IF(COUNTIFS(Saisies!$B$5:$B$304,$A19,Saisies!$J$5:$J$304,$B$3,Saisies!$K$5:$K$304,$D$3,Saisies!$F$5:$F$304,">=0")=0,"",SUMIFS(Saisies!$F$5:$F$304,Saisies!$B$5:$B$304,$A19,Saisies!$J$5:$J$304,$B$3,Saisies!$K$5:$K$304,$D$3))) | H19: =IF($A19="","",IF(COUNTIFS(Saisies!$B$5:$B$304,$A19,Saisies!$J$5:$J$304,$B$3,Saisies!$K$5:$K$304,$D$3,Saisies!$G$5:$G$304,">=0")=0,"",SUMIFS(Saisies!$G$5:$G$304,Saisies!$B$5:$B$304,$A19,Saisies!$J$5:$J$304,$B$3,Saisies!$K$5:$K$304,$D$3))) | I19: =IF(OR(G19="",H19=""),"",H19-G19) | J19: =IF(K19="","",SUMIFS(Saisies!$E$5:$E$304,Saisies!$B$5:$B$304,$A19,Saisies!$A$5:$A$304,K19)) | K19: =IF($A19="","",IF(COUNTIFS(Saisies!$B$5:$B$304,$A19,Saisies!$J$5:$J$304,$B$3,Saisies!$K$5:$K$304,$D$3,Saisies!$E$5:$E$304,">=0")=0,"",_xlfn.MAXIFS(Saisies!$A$5:$A$304,Saisies!$B$5:$B$304,$A19,Saisies!$J$5:$J$304,$B$3,Saisies!$K$5:$K$304,$D$3,Saisies!$E$5:$E$304,">=0")))
A20: =IF(Produits!$A$19="","",Produits!$A$19) | B20: =IF(Produits!$A$19="","",Produits!$C$19) | C20: =IF($A20="","",IF(COUNTIFS(Saisies!$B$5:$B$304,$A20,Saisies!$J$5:$J$304,$B$3,Saisies!$K$5:$K$304,$D$3,Saisies!$I$5:$I$304,"S1",Saisies!$F$5:$F$304,">=0")=0,"",SUMIFS(Saisies!$F$5:$F$304,Saisies!$B$5:$B$304,$A20,Saisies!$J$5:$J$304,$B$3,Saisies!$K$5:$K$304,$D$3,Saisies!$I$5:$I$304,"S1"))) | D20: =IF($A20="","",IF(COUNTIFS(Saisies!$B$5:$B$304,$A20,Saisies!$J$5:$J$304,$B$3,Saisies!$K$5:$K$304,$D$3,Saisies!$I$5:$I$304,"S2",Saisies!$F$5:$F$304,">=0")=0,"",SUMIFS(Saisies!$F$5:$F$304,Saisies!$B$5:$B$304,$A20,Saisies!$J$5:$J$304,$B$3,Saisies!$K$5:$K$304,$D$3,Saisies!$I$5:$I$304,"S2"))) | E20: =IF($A20="","",IF(COUNTIFS(Saisies!$B$5:$B$304,$A20,Saisies!$J$5:$J$304,$B$3,Saisies!$K$5:$K$304,$D$3,Saisies!$I$5:$I$304,"S3",Saisies!$F$5:$F$304,">=0")=0,"",SUMIFS(Saisies!$F$5:$F$304,Saisies!$B$5:$B$304,$A20,Saisies!$J$5:$J$304,$B$3,Saisies!$K$5:$K$304,$D$3,Saisies!$I$5:$I$304,"S3"))) | F20: =IF($A20="","",IF(COUNTIFS(Saisies!$B$5:$B$304,$A20,Saisies!$J$5:$J$304,$B$3,Saisies!$K$5:$K$304,$D$3,Saisies!$I$5:$I$304,"S4",Saisies!$F$5:$F$304,">=0")=0,"",SUMIFS(Saisies!$F$5:$F$304,Saisies!$B$5:$B$304,$A20,Saisies!$J$5:$J$304,$B$3,Saisies!$K$5:$K$304,$D$3,Saisies!$I$5:$I$304,"S4"))) | G20: =IF($A20="","",IF(COUNTIFS(Saisies!$B$5:$B$304,$A20,Saisies!$J$5:$J$304,$B$3,Saisies!$K$5:$K$304,$D$3,Saisies!$F$5:$F$304,">=0")=0,"",SUMIFS(Saisies!$F$5:$F$304,Saisies!$B$5:$B$304,$A20,Saisies!$J$5:$J$304,$B$3,Saisies!$K$5:$K$304,$D$3))) | H20: =IF($A20="","",IF(COUNTIFS(Saisies!$B$5:$B$304,$A20,Saisies!$J$5:$J$304,$B$3,Saisies!$K$5:$K$304,$D$3,Saisies!$G$5:$G$304,">=0")=0,"",SUMIFS(Saisies!$G$5:$G$304,Saisies!$B$5:$B$304,$A20,Saisies!$J$5:$J$304,$B$3,Saisies!$K$5:$K$304,$D$3))) | I20: =IF(OR(G20="",H20=""),"",H20-G20) | J20: =IF(K20="","",SUMIFS(Saisies!$E$5:$E$304,Saisies!$B$5:$B$304,$A20,Saisies!$A$5:$A$304,K20)) | K20: =IF($A20="","",IF(COUNTIFS(Saisies!$B$5:$B$304,$A20,Saisies!$J$5:$J$304,$B$3,Saisies!$K$5:$K$304,$D$3,Saisies!$E$5:$E$304,">=0")=0,"",_xlfn.MAXIFS(Saisies!$A$5:$A$304,Saisies!$B$5:$B$304,$A20,Saisies!$J$5:$J$304,$B$3,Saisies!$K$5:$K$304,$D$3,Saisies!$E$5:$E$304,">=0")))
A21: =IF(Produits!$A$20="","",Produits!$A$20) | B21: =IF(Produits!$A$20="","",Produits!$C$20) | C21: =IF($A21="","",IF(COUNTIFS(Saisies!$B$5:$B$304,$A21,Saisies!$J$5:$J$304,$B$3,Saisies!$K$5:$K$304,$D$3,Saisies!$I$5:$I$304,"S1",Saisies!$F$5:$F$304,">=0")=0,"",SUMIFS(Saisies!$F$5:$F$304,Saisies!$B$5:$B$304,$A21,Saisies!$J$5:$J$304,$B$3,Saisies!$K$5:$K$304,$D$3,Saisies!$I$5:$I$304,"S1"))) | D21: =IF($A21="","",IF(COUNTIFS(Saisies!$B$5:$B$304,$A21,Saisies!$J$5:$J$304,$B$3,Saisies!$K$5:$K$304,$D$3,Saisies!$I$5:$I$304,"S2",Saisies!$F$5:$F$304,">=0")=0,"",SUMIFS(Saisies!$F$5:$F$304,Saisies!$B$5:$B$304,$A21,Saisies!$J$5:$J$304,$B$3,Saisies!$K$5:$K$304,$D$3,Saisies!$I$5:$I$304,"S2"))) | E21: =IF($A21="","",IF(COUNTIFS(Saisies!$B$5:$B$304,$A21,Saisies!$J$5:$J$304,$B$3,Saisies!$K$5:$K$304,$D$3,Saisies!$I$5:$I$304,"S3",Saisies!$F$5:$F$304,">=0")=0,"",SUMIFS(Saisies!$F$5:$F$304,Saisies!$B$5:$B$304,$A21,Saisies!$J$5:$J$304,$B$3,Saisies!$K$5:$K$304,$D$3,Saisies!$I$5:$I$304,"S3"))) | F21: =IF($A21="","",IF(COUNTIFS(Saisies!$B$5:$B$304,$A21,Saisies!$J$5:$J$304,$B$3,Saisies!$K$5:$K$304,$D$3,Saisies!$I$5:$I$304,"S4",Saisies!$F$5:$F$304,">=0")=0,"",SUMIFS(Saisies!$F$5:$F$304,Saisies!$B$5:$B$304,$A21,Saisies!$J$5:$J$304,$B$3,Saisies!$K$5:$K$304,$D$3,Saisies!$I$5:$I$304,"S4"))) | G21: =IF($A21="","",IF(COUNTIFS(Saisies!$B$5:$B$304,$A21,Saisies!$J$5:$J$304,$B$3,Saisies!$K$5:$K$304,$D$3,Saisies!$F$5:$F$304,">=0")=0,"",SUMIFS(Saisies!$F$5:$F$304,Saisies!$B$5:$B$304,$A21,Saisies!$J$5:$J$304,$B$3,Saisies!$K$5:$K$304,$D$3))) | H21: =IF($A21="","",IF(COUNTIFS(Saisies!$B$5:$B$304,$A21,Saisies!$J$5:$J$304,$B$3,Saisies!$K$5:$K$304,$D$3,Saisies!$G$5:$G$304,">=0")=0,"",SUMIFS(Saisies!$G$5:$G$304,Saisies!$B$5:$B$304,$A21,Saisies!$J$5:$J$304,$B$3,Saisies!$K$5:$K$304,$D$3))) | I21: =IF(OR(G21="",H21=""),"",H21-G21) | J21: =IF(K21="","",SUMIFS(Saisies!$E$5:$E$304,Saisies!$B$5:$B$304,$A21,Saisies!$A$5:$A$304,K21)) | K21: =IF($A21="","",IF(COUNTIFS(Saisies!$B$5:$B$304,$A21,Saisies!$J$5:$J$304,$B$3,Saisies!$K$5:$K$304,$D$3,Saisies!$E$5:$E$304,">=0")=0,"",_xlfn.MAXIFS(Saisies!$A$5:$A$304,Saisies!$B$5:$B$304,$A21,Saisies!$J$5:$J$304,$B$3,Saisies!$K$5:$K$304,$D$3,Saisies!$E$5:$E$304,">=0")))
A22: =IF(Produits!$A$21="","",Produits!$A$21) | B22: =IF(Produits!$A$21="","",Produits!$C$21) | C22: =IF($A22="","",IF(COUNTIFS(Saisies!$B$5:$B$304,$A22,Saisies!$J$5:$J$304,$B$3,Saisies!$K$5:$K$304,$D$3,Saisies!$I$5:$I$304,"S1",Saisies!$F$5:$F$304,">=0")=0,"",SUMIFS(Saisies!$F$5:$F$304,Saisies!$B$5:$B$304,$A22,Saisies!$J$5:$J$304,$B$3,Saisies!$K$5:$K$304,$D$3,Saisies!$I$5:$I$304,"S1"))) | D22: =IF($A22="","",IF(COUNTIFS(Saisies!$B$5:$B$304,$A22,Saisies!$J$5:$J$304,$B$3,Saisies!$K$5:$K$304,$D$3,Saisies!$I$5:$I$304,"S2",Saisies!$F$5:$F$304,">=0")=0,"",SUMIFS(Saisies!$F$5:$F$304,Saisies!$B$5:$B$304,$A22,Saisies!$J$5:$J$304,$B$3,Saisies!$K$5:$K$304,$D$3,Saisies!$I$5:$I$304,"S2"))) | E22: =IF($A22="","",IF(COUNTIFS(Saisies!$B$5:$B$304,$A22,Saisies!$J$5:$J$304,$B$3,Saisies!$K$5:$K$304,$D$3,Saisies!$I$5:$I$304,"S3",Saisies!$F$5:$F$304,">=0")=0,"",SUMIFS(Saisies!$F$5:$F$304,Saisies!$B$5:$B$304,$A22,Saisies!$J$5:$J$304,$B$3,Saisies!$K$5:$K$304,$D$3,Saisies!$I$5:$I$304,"S3"))) | F22: =IF($A22="","",IF(COUNTIFS(Saisies!$B$5:$B$304,$A22,Saisies!$J$5:$J$304,$B$3,Saisies!$K$5:$K$304,$D$3,Saisies!$I$5:$I$304,"S4",Saisies!$F$5:$F$304,">=0")=0,"",SUMIFS(Saisies!$F$5:$F$304,Saisies!$B$5:$B$304,$A22,Saisies!$J$5:$J$304,$B$3,Saisies!$K$5:$K$304,$D$3,Saisies!$I$5:$I$304,"S4"))) | G22: =IF($A22="","",IF(COUNTIFS(Saisies!$B$5:$B$304,$A22,Saisies!$J$5:$J$304,$B$3,Saisies!$K$5:$K$304,$D$3,Saisies!$F$5:$F$304,">=0")=0,"",SUMIFS(Saisies!$F$5:$F$304,Saisies!$B$5:$B$304,$A22,Saisies!$J$5:$J$304,$B$3,Saisies!$K$5:$K$304,$D$3))) | H22: =IF($A22="","",IF(COUNTIFS(Saisies!$B$5:$B$304,$A22,Saisies!$J$5:$J$304,$B$3,Saisies!$K$5:$K$304,$D$3,Saisies!$G$5:$G$304,">=0")=0,"",SUMIFS(Saisies!$G$5:$G$304,Saisies!$B$5:$B$304,$A22,Saisies!$J$5:$J$304,$B$3,Saisies!$K$5:$K$304,$D$3))) | I22: =IF(OR(G22="",H22=""),"",H22-G22) | J22: =IF(K22="","",SUMIFS(Saisies!$E$5:$E$304,Saisies!$B$5:$B$304,$A22,Saisies!$A$5:$A$304,K22)) | K22: =IF($A22="","",IF(COUNTIFS(Saisies!$B$5:$B$304,$A22,Saisies!$J$5:$J$304,$B$3,Saisies!$K$5:$K$304,$D$3,Saisies!$E$5:$E$304,">=0")=0,"",_xlfn.MAXIFS(Saisies!$A$5:$A$304,Saisies!$B$5:$B$304,$A22,Saisies!$J$5:$J$304,$B$3,Saisies!$K$5:$K$304,$D$3,Saisies!$E$5:$E$304,">=0")))
A23: =IF(Produits!$A$22="","",Produits!$A$22) | B23: =IF(Produits!$A$22="","",Produits!$C$22) | C23: =IF($A23="","",IF(COUNTIFS(Saisies!$B$5:$B$304,$A23,Saisies!$J$5:$J$304,$B$3,Saisies!$K$5:$K$304,$D$3,Saisies!$I$5:$I$304,"S1",Saisies!$F$5:$F$304,">=0")=0,"",SUMIFS(Saisies!$F$5:$F$304,Saisies!$B$5:$B$304,$A23,Saisies!$J$5:$J$304,$B$3,Saisies!$K$5:$K$304,$D$3,Saisies!$I$5:$I$304,"S1"))) | D23: =IF($A23="","",IF(COUNTIFS(Saisies!$B$5:$B$304,$A23,Saisies!$J$5:$J$304,$B$3,Saisies!$K$5:$K$304,$D$3,Saisies!$I$5:$I$304,"S2",Saisies!$F$5:$F$304,">=0")=0,"",SUMIFS(Saisies!$F$5:$F$304,Saisies!$B$5:$B$304,$A23,Saisies!$J$5:$J$304,$B$3,Saisies!$K$5:$K$304,$D$3,Saisies!$I$5:$I$304,"S2"))) | E23: =IF($A23="","",IF(COUNTIFS(Saisies!$B$5:$B$304,$A23,Saisies!$J$5:$J$304,$B$3,Saisies!$K$5:$K$304,$D$3,Saisies!$I$5:$I$304,"S3",Saisies!$F$5:$F$304,">=0")=0,"",SUMIFS(Saisies!$F$5:$F$304,Saisies!$B$5:$B$304,$A23,Saisies!$J$5:$J$304,$B$3,Saisies!$K$5:$K$304,$D$3,Saisies!$I$5:$I$304,"S3"))) | F23: =IF($A23="","",IF(COUNTIFS(Saisies!$B$5:$B$304,$A23,Saisies!$J$5:$J$304,$B$3,Saisies!$K$5:$K$304,$D$3,Saisies!$I$5:$I$304,"S4",Saisies!$F$5:$F$304,">=0")=0,"",SUMIFS(Saisies!$F$5:$F$304,Saisies!$B$5:$B$304,$A23,Saisies!$J$5:$J$304,$B$3,Saisies!$K$5:$K$304,$D$3,Saisies!$I$5:$I$304,"S4"))) | G23: =IF($A23="","",IF(COUNTIFS(Saisies!$B$5:$B$304,$A23,Saisies!$J$5:$J$304,$B$3,Saisies!$K$5:$K$304,$D$3,Saisies!$F$5:$F$304,">=0")=0,"",SUMIFS(Saisies!$F$5:$F$304,Saisies!$B$5:$B$304,$A23,Saisies!$J$5:$J$304,$B$3,Saisies!$K$5:$K$304,$D$3))) | H23: =IF($A23="","",IF(COUNTIFS(Saisies!$B$5:$B$304,$A23,Saisies!$J$5:$J$304,$B$3,Saisies!$K$5:$K$304,$D$3,Saisies!$G$5:$G$304,">=0")=0,"",SUMIFS(Saisies!$G$5:$G$304,Saisies!$B$5:$B$304,$A23,Saisies!$J$5:$J$304,$B$3,Saisies!$K$5:$K$304,$D$3))) | I23: =IF(OR(G23="",H23=""),"",H23-G23) | J23: =IF(K23="","",SUMIFS(Saisies!$E$5:$E$304,Saisies!$B$5:$B$304,$A23,Saisies!$A$5:$A$304,K23)) | K23: =IF($A23="","",IF(COUNTIFS(Saisies!$B$5:$B$304,$A23,Saisies!$J$5:$J$304,$B$3,Saisies!$K$5:$K$304,$D$3,Saisies!$E$5:$E$304,">=0")=0,"",_xlfn.MAXIFS(Saisies!$A$5:$A$304,Saisies!$B$5:$B$304,$A23,Saisies!$J$5:$J$304,$B$3,Saisies!$K$5:$K$304,$D$3,Saisies!$E$5:$E$304,">=0")))
A24: =IF(Produits!$A$23="","",Produits!$A$23) | B24: =IF(Produits!$A$23="","",Produits!$C$23) | C24: =IF($A24="","",IF(COUNTIFS(Saisies!$B$5:$B$304,$A24,Saisies!$J$5:$J$304,$B$3,Saisies!$K$5:$K$304,$D$3,Saisies!$I$5:$I$304,"S1",Saisies!$F$5:$F$304,">=0")=0,"",SUMIFS(Saisies!$F$5:$F$304,Saisies!$B$5:$B$304,$A24,Saisies!$J$5:$J$304,$B$3,Saisies!$K$5:$K$304,$D$3,Saisies!$I$5:$I$304,"S1"))) | D24: =IF($A24="","",IF(COUNTIFS(Saisies!$B$5:$B$304,$A24,Saisies!$J$5:$J$304,$B$3,Saisies!$K$5:$K$304,$D$3,Saisies!$I$5:$I$304,"S2",Saisies!$F$5:$F$304,">=0")=0,"",SUMIFS(Saisies!$F$5:$F$304,Saisies!$B$5:$B$304,$A24,Saisies!$J$5:$J$304,$B$3,Saisies!$K$5:$K$304,$D$3,Saisies!$I$5:$I$304,"S2"))) | E24: =IF($A24="","",IF(COUNTIFS(Saisies!$B$5:$B$304,$A24,Saisies!$J$5:$J$304,$B$3,Saisies!$K$5:$K$304,$D$3,Saisies!$I$5:$I$304,"S3",Saisies!$F$5:$F$304,">=0")=0,"",SUMIFS(Saisies!$F$5:$F$304,Saisies!$B$5:$B$304,$A24,Saisies!$J$5:$J$304,$B$3,Saisies!$K$5:$K$304,$D$3,Saisies!$I$5:$I$304,"S3"))) | F24: =IF($A24="","",IF(COUNTIFS(Saisies!$B$5:$B$304,$A24,Saisies!$J$5:$J$304,$B$3,Saisies!$K$5:$K$304,$D$3,Saisies!$I$5:$I$304,"S4",Saisies!$F$5:$F$304,">=0")=0,"",SUMIFS(Saisies!$F$5:$F$304,Saisies!$B$5:$B$304,$A24,Saisies!$J$5:$J$304,$B$3,Saisies!$K$5:$K$304,$D$3,Saisies!$I$5:$I$304,"S4"))) | G24: =IF($A24="","",IF(COUNTIFS(Saisies!$B$5:$B$304,$A24,Saisies!$J$5:$J$304,$B$3,Saisies!$K$5:$K$304,$D$3,Saisies!$F$5:$F$304,">=0")=0,"",SUMIFS(Saisies!$F$5:$F$304,Saisies!$B$5:$B$304,$A24,Saisies!$J$5:$J$304,$B$3,Saisies!$K$5:$K$304,$D$3))) | H24: =IF($A24="","",IF(COUNTIFS(Saisies!$B$5:$B$304,$A24,Saisies!$J$5:$J$304,$B$3,Saisies!$K$5:$K$304,$D$3,Saisies!$G$5:$G$304,">=0")=0,"",SUMIFS(Saisies!$G$5:$G$304,Saisies!$B$5:$B$304,$A24,Saisies!$J$5:$J$304,$B$3,Saisies!$K$5:$K$304,$D$3))) | I24: =IF(OR(G24="",H24=""),"",H24-G24) | J24: =IF(K24="","",SUMIFS(Saisies!$E$5:$E$304,Saisies!$B$5:$B$304,$A24,Saisies!$A$5:$A$304,K24)) | K24: =IF($A24="","",IF(COUNTIFS(Saisies!$B$5:$B$304,$A24,Saisies!$J$5:$J$304,$B$3,Saisies!$K$5:$K$304,$D$3,Saisies!$E$5:$E$304,">=0")=0,"",_xlfn.MAXIFS(Saisies!$A$5:$A$304,Saisies!$B$5:$B$304,$A24,Saisies!$J$5:$J$304,$B$3,Saisies!$K$5:$K$304,$D$3,Saisies!$E$5:$E$304,">=0")))
A25: =IF(Produits!$A$24="","",Produits!$A$24) | B25: =IF(Produits!$A$24="","",Produits!$C$24) | C25: =IF($A25="","",IF(COUNTIFS(Saisies!$B$5:$B$304,$A25,Saisies!$J$5:$J$304,$B$3,Saisies!$K$5:$K$304,$D$3,Saisies!$I$5:$I$304,"S1",Saisies!$F$5:$F$304,">=0")=0,"",SUMIFS(Saisies!$F$5:$F$304,Saisies!$B$5:$B$304,$A25,Saisies!$J$5:$J$304,$B$3,Saisies!$K$5:$K$304,$D$3,Saisies!$I$5:$I$304,"S1"))) | D25: =IF($A25="","",IF(COUNTIFS(Saisies!$B$5:$B$304,$A25,Saisies!$J$5:$J$304,$B$3,Saisies!$K$5:$K$304,$D$3,Saisies!$I$5:$I$304,"S2",Saisies!$F$5:$F$304,">=0")=0,"",SUMIFS(Saisies!$F$5:$F$304,Saisies!$B$5:$B$304,$A25,Saisies!$J$5:$J$304,$B$3,Saisies!$K$5:$K$304,$D$3,Saisies!$I$5:$I$304,"S2"))) | E25: =IF($A25="","",IF(COUNTIFS(Saisies!$B$5:$B$304,$A25,Saisies!$J$5:$J$304,$B$3,Saisies!$K$5:$K$304,$D$3,Saisies!$I$5:$I$304,"S3",Saisies!$F$5:$F$304,">=0")=0,"",SUMIFS(Saisies!$F$5:$F$304,Saisies!$B$5:$B$304,$A25,Saisies!$J$5:$J$304,$B$3,Saisies!$K$5:$K$304,$D$3,Saisies!$I$5:$I$304,"S3"))) | F25: =IF($A25="","",IF(COUNTIFS(Saisies!$B$5:$B$304,$A25,Saisies!$J$5:$J$304,$B$3,Saisies!$K$5:$K$304,$D$3,Saisies!$I$5:$I$304,"S4",Saisies!$F$5:$F$304,">=0")=0,"",SUMIFS(Saisies!$F$5:$F$304,Saisies!$B$5:$B$304,$A25,Saisies!$J$5:$J$304,$B$3,Saisies!$K$5:$K$304,$D$3,Saisies!$I$5:$I$304,"S4"))) | G25: =IF($A25="","",IF(COUNTIFS(Saisies!$B$5:$B$304,$A25,Saisies!$J$5:$J$304,$B$3,Saisies!$K$5:$K$304,$D$3,Saisies!$F$5:$F$304,">=0")=0,"",SUMIFS(Saisies!$F$5:$F$304,Saisies!$B$5:$B$304,$A25,Saisies!$J$5:$J$304,$B$3,Saisies!$K$5:$K$304,$D$3))) | H25: =IF($A25="","",IF(COUNTIFS(Saisies!$B$5:$B$304,$A25,Saisies!$J$5:$J$304,$B$3,Saisies!$K$5:$K$304,$D$3,Saisies!$G$5:$G$304,">=0")=0,"",SUMIFS(Saisies!$G$5:$G$304,Saisies!$B$5:$B$304,$A25,Saisies!$J$5:$J$304,$B$3,Saisies!$K$5:$K$304,$D$3))) | I25: =IF(OR(G25="",H25=""),"",H25-G25) | J25: =IF(K25="","",SUMIFS(Saisies!$E$5:$E$304,Saisies!$B$5:$B$304,$A25,Saisies!$A$5:$A$304,K25)) | K25: =IF($A25="","",IF(COUNTIFS(Saisies!$B$5:$B$304,$A25,Saisies!$J$5:$J$304,$B$3,Saisies!$K$5:$K$304,$D$3,Saisies!$E$5:$E$304,">=0")=0,"",_xlfn.MAXIFS(Saisies!$A$5:$A$304,Saisies!$B$5:$B$304,$A25,Saisies!$J$5:$J$304,$B$3,Saisies!$K$5:$K$304,$D$3,Saisies!$E$5:$E$304,">=0")))
A26: =IF(Produits!$A$25="","",Produits!$A$25) | B26: =IF(Produits!$A$25="","",Produits!$C$25) | C26: =IF($A26="","",IF(COUNTIFS(Saisies!$B$5:$B$304,$A26,Saisies!$J$5:$J$304,$B$3,Saisies!$K$5:$K$304,$D$3,Saisies!$I$5:$I$304,"S1",Saisies!$F$5:$F$304,">=0")=0,"",SUMIFS(Saisies!$F$5:$F$304,Saisies!$B$5:$B$304,$A26,Saisies!$J$5:$J$304,$B$3,Saisies!$K$5:$K$304,$D$3,Saisies!$I$5:$I$304,"S1"))) | D26: =IF($A26="","",IF(COUNTIFS(Saisies!$B$5:$B$304,$A26,Saisies!$J$5:$J$304,$B$3,Saisies!$K$5:$K$304,$D$3,Saisies!$I$5:$I$304,"S2",Saisies!$F$5:$F$304,">=0")=0,"",SUMIFS(Saisies!$F$5:$F$304,Saisies!$B$5:$B$304,$A26,Saisies!$J$5:$J$304,$B$3,Saisies!$K$5:$K$304,$D$3,Saisies!$I$5:$I$304,"S2"))) | E26: =IF($A26="","",IF(COUNTIFS(Saisies!$B$5:$B$304,$A26,Saisies!$J$5:$J$304,$B$3,Saisies!$K$5:$K$304,$D$3,Saisies!$I$5:$I$304,"S3",Saisies!$F$5:$F$304,">=0")=0,"",SUMIFS(Saisies!$F$5:$F$304,Saisies!$B$5:$B$304,$A26,Saisies!$J$5:$J$304,$B$3,Saisies!$K$5:$K$304,$D$3,Saisies!$I$5:$I$304,"S3"))) | F26: =IF($A26="","",IF(COUNTIFS(Saisies!$B$5:$B$304,$A26,Saisies!$J$5:$J$304,$B$3,Saisies!$K$5:$K$304,$D$3,Saisies!$I$5:$I$304,"S4",Saisies!$F$5:$F$304,">=0")=0,"",SUMIFS(Saisies!$F$5:$F$304,Saisies!$B$5:$B$304,$A26,Saisies!$J$5:$J$304,$B$3,Saisies!$K$5:$K$304,$D$3,Saisies!$I$5:$I$304,"S4"))) | G26: =IF($A26="","",IF(COUNTIFS(Saisies!$B$5:$B$304,$A26,Saisies!$J$5:$J$304,$B$3,Saisies!$K$5:$K$304,$D$3,Saisies!$F$5:$F$304,">=0")=0,"",SUMIFS(Saisies!$F$5:$F$304,Saisies!$B$5:$B$304,$A26,Saisies!$J$5:$J$304,$B$3,Saisies!$K$5:$K$304,$D$3))) | H26: =IF($A26="","",IF(COUNTIFS(Saisies!$B$5:$B$304,$A26,Saisies!$J$5:$J$304,$B$3,Saisies!$K$5:$K$304,$D$3,Saisies!$G$5:$G$304,">=0")=0,"",SUMIFS(Saisies!$G$5:$G$304,Saisies!$B$5:$B$304,$A26,Saisies!$J$5:$J$304,$B$3,Saisies!$K$5:$K$304,$D$3))) | I26: =IF(OR(G26="",H26=""),"",H26-G26) | J26: =IF(K26="","",SUMIFS(Saisies!$E$5:$E$304,Saisies!$B$5:$B$304,$A26,Saisies!$A$5:$A$304,K26)) | K26: =IF($A26="","",IF(COUNTIFS(Saisies!$B$5:$B$304,$A26,Saisies!$J$5:$J$304,$B$3,Saisies!$K$5:$K$304,$D$3,Saisies!$E$5:$E$304,">=0")=0,"",_xlfn.MAXIFS(Saisies!$A$5:$A$304,Saisies!$B$5:$B$304,$A26,Saisies!$J$5:$J$304,$B$3,Saisies!$K$5:$K$304,$D$3,Saisies!$E$5:$E$304,">=0")))
A27: =IF(Produits!$A$26="","",Produits!$A$26) | B27: =IF(Produits!$A$26="","",Produits!$C$26) | C27: =IF($A27="","",IF(COUNTIFS(Saisies!$B$5:$B$304,$A27,Saisies!$J$5:$J$304,$B$3,Saisies!$K$5:$K$304,$D$3,Saisies!$I$5:$I$304,"S1",Saisies!$F$5:$F$304,">=0")=0,"",SUMIFS(Saisies!$F$5:$F$304,Saisies!$B$5:$B$304,$A27,Saisies!$J$5:$J$304,$B$3,Saisies!$K$5:$K$304,$D$3,Saisies!$I$5:$I$304,"S1"))) | D27: =IF($A27="","",IF(COUNTIFS(Saisies!$B$5:$B$304,$A27,Saisies!$J$5:$J$304,$B$3,Saisies!$K$5:$K$304,$D$3,Saisies!$I$5:$I$304,"S2",Saisies!$F$5:$F$304,">=0")=0,"",SUMIFS(Saisies!$F$5:$F$304,Saisies!$B$5:$B$304,$A27,Saisies!$J$5:$J$304,$B$3,Saisies!$K$5:$K$304,$D$3,Saisies!$I$5:$I$304,"S2"))) | E27: =IF($A27="","",IF(COUNTIFS(Saisies!$B$5:$B$304,$A27,Saisies!$J$5:$J$304,$B$3,Saisies!$K$5:$K$304,$D$3,Saisies!$I$5:$I$304,"S3",Saisies!$F$5:$F$304,">=0")=0,"",SUMIFS(Saisies!$F$5:$F$304,Saisies!$B$5:$B$304,$A27,Saisies!$J$5:$J$304,$B$3,Saisies!$K$5:$K$304,$D$3,Saisies!$I$5:$I$304,"S3"))) | F27: =IF($A27="","",IF(COUNTIFS(Saisies!$B$5:$B$304,$A27,Saisies!$J$5:$J$304,$B$3,Saisies!$K$5:$K$304,$D$3,Saisies!$I$5:$I$304,"S4",Saisies!$F$5:$F$304,">=0")=0,"",SUMIFS(Saisies!$F$5:$F$304,Saisies!$B$5:$B$304,$A27,Saisies!$J$5:$J$304,$B$3,Saisies!$K$5:$K$304,$D$3,Saisies!$I$5:$I$304,"S4"))) | G27: =IF($A27="","",IF(COUNTIFS(Saisies!$B$5:$B$304,$A27,Saisies!$J$5:$J$304,$B$3,Saisies!$K$5:$K$304,$D$3,Saisies!$F$5:$F$304,">=0")=0,"",SUMIFS(Saisies!$F$5:$F$304,Saisies!$B$5:$B$304,$A27,Saisies!$J$5:$J$304,$B$3,Saisies!$K$5:$K$304,$D$3))) | H27: =IF($A27="","",IF(COUNTIFS(Saisies!$B$5:$B$304,$A27,Saisies!$J$5:$J$304,$B$3,Saisies!$K$5:$K$304,$D$3,Saisies!$G$5:$G$304,">=0")=0,"",SUMIFS(Saisies!$G$5:$G$304,Saisies!$B$5:$B$304,$A27,Saisies!$J$5:$J$304,$B$3,Saisies!$K$5:$K$304,$D$3))) | I27: =IF(OR(G27="",H27=""),"",H27-G27) | J27: =IF(K27="","",SUMIFS(Saisies!$E$5:$E$304,Saisies!$B$5:$B$304,$A27,Saisies!$A$5:$A$304,K27)) | K27: =IF($A27="","",IF(COUNTIFS(Saisies!$B$5:$B$304,$A27,Saisies!$J$5:$J$304,$B$3,Saisies!$K$5:$K$304,$D$3,Saisies!$E$5:$E$304,">=0")=0,"",_xlfn.MAXIFS(Saisies!$A$5:$A$304,Saisies!$B$5:$B$304,$A27,Saisies!$J$5:$J$304,$B$3,Saisies!$K$5:$K$304,$D$3,Saisies!$E$5:$E$304,">=0")))
A28: =IF(Produits!$A$27="","",Produits!$A$27) | B28: =IF(Produits!$A$27="","",Produits!$C$27) | C28: =IF($A28="","",IF(COUNTIFS(Saisies!$B$5:$B$304,$A28,Saisies!$J$5:$J$304,$B$3,Saisies!$K$5:$K$304,$D$3,Saisies!$I$5:$I$304,"S1",Saisies!$F$5:$F$304,">=0")=0,"",SUMIFS(Saisies!$F$5:$F$304,Saisies!$B$5:$B$304,$A28,Saisies!$J$5:$J$304,$B$3,Saisies!$K$5:$K$304,$D$3,Saisies!$I$5:$I$304,"S1"))) | D28: =IF($A28="","",IF(COUNTIFS(Saisies!$B$5:$B$304,$A28,Saisies!$J$5:$J$304,$B$3,Saisies!$K$5:$K$304,$D$3,Saisies!$I$5:$I$304,"S2",Saisies!$F$5:$F$304,">=0")=0,"",SUMIFS(Saisies!$F$5:$F$304,Saisies!$B$5:$B$304,$A28,Saisies!$J$5:$J$304,$B$3,Saisies!$K$5:$K$304,$D$3,Saisies!$I$5:$I$304,"S2"))) | E28: =IF($A28="","",IF(COUNTIFS(Saisies!$B$5:$B$304,$A28,Saisies!$J$5:$J$304,$B$3,Saisies!$K$5:$K$304,$D$3,Saisies!$I$5:$I$304,"S3",Saisies!$F$5:$F$304,">=0")=0,"",SUMIFS(Saisies!$F$5:$F$304,Saisies!$B$5:$B$304,$A28,Saisies!$J$5:$J$304,$B$3,Saisies!$K$5:$K$304,$D$3,Saisies!$I$5:$I$304,"S3"))) | F28: =IF($A28="","",IF(COUNTIFS(Saisies!$B$5:$B$304,$A28,Saisies!$J$5:$J$304,$B$3,Saisies!$K$5:$K$304,$D$3,Saisies!$I$5:$I$304,"S4",Saisies!$F$5:$F$304,">=0")=0,"",SUMIFS(Saisies!$F$5:$F$304,Saisies!$B$5:$B$304,$A28,Saisies!$J$5:$J$304,$B$3,Saisies!$K$5:$K$304,$D$3,Saisies!$I$5:$I$304,"S4"))) | G28: =IF($A28="","",IF(COUNTIFS(Saisies!$B$5:$B$304,$A28,Saisies!$J$5:$J$304,$B$3,Saisies!$K$5:$K$304,$D$3,Saisies!$F$5:$F$304,">=0")=0,"",SUMIFS(Saisies!$F$5:$F$304,Saisies!$B$5:$B$304,$A28,Saisies!$J$5:$J$304,$B$3,Saisies!$K$5:$K$304,$D$3))) | H28: =IF($A28="","",IF(COUNTIFS(Saisies!$B$5:$B$304,$A28,Saisies!$J$5:$J$304,$B$3,Saisies!$K$5:$K$304,$D$3,Saisies!$G$5:$G$304,">=0")=0,"",SUMIFS(Saisies!$G$5:$G$304,Saisies!$B$5:$B$304,$A28,Saisies!$J$5:$J$304,$B$3,Saisies!$K$5:$K$304,$D$3))) | I28: =IF(OR(G28="",H28=""),"",H28-G28) | J28: =IF(K28="","",SUMIFS(Saisies!$E$5:$E$304,Saisies!$B$5:$B$304,$A28,Saisies!$A$5:$A$304,K28)) | K28: =IF($A28="","",IF(COUNTIFS(Saisies!$B$5:$B$304,$A28,Saisies!$J$5:$J$304,$B$3,Saisies!$K$5:$K$304,$D$3,Saisies!$E$5:$E$304,">=0")=0,"",_xlfn.MAXIFS(Saisies!$A$5:$A$304,Saisies!$B$5:$B$304,$A28,Saisies!$J$5:$J$304,$B$3,Saisies!$K$5:$K$304,$D$3,Saisies!$E$5:$E$304,">=0")))
A29: =IF(Produits!$A$28="","",Produits!$A$28) | B29: =IF(Produits!$A$28="","",Produits!$C$28) | C29: =IF($A29="","",IF(COUNTIFS(Saisies!$B$5:$B$304,$A29,Saisies!$J$5:$J$304,$B$3,Saisies!$K$5:$K$304,$D$3,Saisies!$I$5:$I$304,"S1",Saisies!$F$5:$F$304,">=0")=0,"",SUMIFS(Saisies!$F$5:$F$304,Saisies!$B$5:$B$304,$A29,Saisies!$J$5:$J$304,$B$3,Saisies!$K$5:$K$304,$D$3,Saisies!$I$5:$I$304,"S1"))) | D29: =IF($A29="","",IF(COUNTIFS(Saisies!$B$5:$B$304,$A29,Saisies!$J$5:$J$304,$B$3,Saisies!$K$5:$K$304,$D$3,Saisies!$I$5:$I$304,"S2",Saisies!$F$5:$F$304,">=0")=0,"",SUMIFS(Saisies!$F$5:$F$304,Saisies!$B$5:$B$304,$A29,Saisies!$J$5:$J$304,$B$3,Saisies!$K$5:$K$304,$D$3,Saisies!$I$5:$I$304,"S2"))) | E29: =IF($A29="","",IF(COUNTIFS(Saisies!$B$5:$B$304,$A29,Saisies!$J$5:$J$304,$B$3,Saisies!$K$5:$K$304,$D$3,Saisies!$I$5:$I$304,"S3",Saisies!$F$5:$F$304,">=0")=0,"",SUMIFS(Saisies!$F$5:$F$304,Saisies!$B$5:$B$304,$A29,Saisies!$J$5:$J$304,$B$3,Saisies!$K$5:$K$304,$D$3,Saisies!$I$5:$I$304,"S3"))) | F29: =IF($A29="","",IF(COUNTIFS(Saisies!$B$5:$B$304,$A29,Saisies!$J$5:$J$304,$B$3,Saisies!$K$5:$K$304,$D$3,Saisies!$I$5:$I$304,"S4",Saisies!$F$5:$F$304,">=0")=0,"",SUMIFS(Saisies!$F$5:$F$304,Saisies!$B$5:$B$304,$A29,Saisies!$J$5:$J$304,$B$3,Saisies!$K$5:$K$304,$D$3,Saisies!$I$5:$I$304,"S4"))) | G29: =IF($A29="","",IF(COUNTIFS(Saisies!$B$5:$B$304,$A29,Saisies!$J$5:$J$304,$B$3,Saisies!$K$5:$K$304,$D$3,Saisies!$F$5:$F$304,">=0")=0,"",SUMIFS(Saisies!$F$5:$F$304,Saisies!$B$5:$B$304,$A29,Saisies!$J$5:$J$304,$B$3,Saisies!$K$5:$K$304,$D$3))) | H29: =IF($A29="","",IF(COUNTIFS(Saisies!$B$5:$B$304,$A29,Saisies!$J$5:$J$304,$B$3,Saisies!$K$5:$K$304,$D$3,Saisies!$G$5:$G$304,">=0")=0,"",SUMIFS(Saisies!$G$5:$G$304,Saisies!$B$5:$B$304,$A29,Saisies!$J$5:$J$304,$B$3,Saisies!$K$5:$K$304,$D$3))) | I29: =IF(OR(G29="",H29=""),"",H29-G29) | J29: =IF(K29="","",SUMIFS(Saisies!$E$5:$E$304,Saisies!$B$5:$B$304,$A29,Saisies!$A$5:$A$304,K29)) | K29: =IF($A29="","",IF(COUNTIFS(Saisies!$B$5:$B$304,$A29,Saisies!$J$5:$J$304,$B$3,Saisies!$K$5:$K$304,$D$3,Saisies!$E$5:$E$304,">=0")=0,"",_xlfn.MAXIFS(Saisies!$A$5:$A$304,Saisies!$B$5:$B$304,$A29,Saisies!$J$5:$J$304,$B$3,Saisies!$K$5:$K$304,$D$3,Saisies!$E$5:$E$304,">=0")))
A30: =IF(Produits!$A$29="","",Produits!$A$29) | B30: =IF(Produits!$A$29="","",Produits!$C$29) | C30: =IF($A30="","",IF(COUNTIFS(Saisies!$B$5:$B$304,$A30,Saisies!$J$5:$J$304,$B$3,Saisies!$K$5:$K$304,$D$3,Saisies!$I$5:$I$304,"S1",Saisies!$F$5:$F$304,">=0")=0,"",SUMIFS(Saisies!$F$5:$F$304,Saisies!$B$5:$B$304,$A30,Saisies!$J$5:$J$304,$B$3,Saisies!$K$5:$K$304,$D$3,Saisies!$I$5:$I$304,"S1"))) | D30: =IF($A30="","",IF(COUNTIFS(Saisies!$B$5:$B$304,$A30,Saisies!$J$5:$J$304,$B$3,Saisies!$K$5:$K$304,$D$3,Saisies!$I$5:$I$304,"S2",Saisies!$F$5:$F$304,">=0")=0,"",SUMIFS(Saisies!$F$5:$F$304,Saisies!$B$5:$B$304,$A30,Saisies!$J$5:$J$304,$B$3,Saisies!$K$5:$K$304,$D$3,Saisies!$I$5:$I$304,"S2"))) | E30: =IF($A30="","",IF(COUNTIFS(Saisies!$B$5:$B$304,$A30,Saisies!$J$5:$J$304,$B$3,Saisies!$K$5:$K$304,$D$3,Saisies!$I$5:$I$304,"S3",Saisies!$F$5:$F$304,">=0")=0,"",SUMIFS(Saisies!$F$5:$F$304,Saisies!$B$5:$B$304,$A30,Saisies!$J$5:$J$304,$B$3,Saisies!$K$5:$K$304,$D$3,Saisies!$I$5:$I$304,"S3"))) | F30: =IF($A30="","",IF(COUNTIFS(Saisies!$B$5:$B$304,$A30,Saisies!$J$5:$J$304,$B$3,Saisies!$K$5:$K$304,$D$3,Saisies!$I$5:$I$304,"S4",Saisies!$F$5:$F$304,">=0")=0,"",SUMIFS(Saisies!$F$5:$F$304,Saisies!$B$5:$B$304,$A30,Saisies!$J$5:$J$304,$B$3,Saisies!$K$5:$K$304,$D$3,Saisies!$I$5:$I$304,"S4"))) | G30: =IF($A30="","",IF(COUNTIFS(Saisies!$B$5:$B$304,$A30,Saisies!$J$5:$J$304,$B$3,Saisies!$K$5:$K$304,$D$3,Saisies!$F$5:$F$304,">=0")=0,"",SUMIFS(Saisies!$F$5:$F$304,Saisies!$B$5:$B$304,$A30,Saisies!$J$5:$J$304,$B$3,Saisies!$K$5:$K$304,$D$3))) | H30: =IF($A30="","",IF(COUNTIFS(Saisies!$B$5:$B$304,$A30,Saisies!$J$5:$J$304,$B$3,Saisies!$K$5:$K$304,$D$3,Saisies!$G$5:$G$304,">=0")=0,"",SUMIFS(Saisies!$G$5:$G$304,Saisies!$B$5:$B$304,$A30,Saisies!$J$5:$J$304,$B$3,Saisies!$K$5:$K$304,$D$3))) | I30: =IF(OR(G30="",H30=""),"",H30-G30) | J30: =IF(K30="","",SUMIFS(Saisies!$E$5:$E$304,Saisies!$B$5:$B$304,$A30,Saisies!$A$5:$A$304,K30)) | K30: =IF($A30="","",IF(COUNTIFS(Saisies!$B$5:$B$304,$A30,Saisies!$J$5:$J$304,$B$3,Saisies!$K$5:$K$304,$D$3,Saisies!$E$5:$E$304,">=0")=0,"",_xlfn.MAXIFS(Saisies!$A$5:$A$304,Saisies!$B$5:$B$304,$A30,Saisies!$J$5:$J$304,$B$3,Saisies!$K$5:$K$304,$D$3,Saisies!$E$5:$E$304,">=0")))
A31: =IF(Produits!$A$30="","",Produits!$A$30) | B31: =IF(Produits!$A$30="","",Produits!$C$30) | C31: =IF($A31="","",IF(COUNTIFS(Saisies!$B$5:$B$304,$A31,Saisies!$J$5:$J$304,$B$3,Saisies!$K$5:$K$304,$D$3,Saisies!$I$5:$I$304,"S1",Saisies!$F$5:$F$304,">=0")=0,"",SUMIFS(Saisies!$F$5:$F$304,Saisies!$B$5:$B$304,$A31,Saisies!$J$5:$J$304,$B$3,Saisies!$K$5:$K$304,$D$3,Saisies!$I$5:$I$304,"S1"))) | D31: =IF($A31="","",IF(COUNTIFS(Saisies!$B$5:$B$304,$A31,Saisies!$J$5:$J$304,$B$3,Saisies!$K$5:$K$304,$D$3,Saisies!$I$5:$I$304,"S2",Saisies!$F$5:$F$304,">=0")=0,"",SUMIFS(Saisies!$F$5:$F$304,Saisies!$B$5:$B$304,$A31,Saisies!$J$5:$J$304,$B$3,Saisies!$K$5:$K$304,$D$3,Saisies!$I$5:$I$304,"S2"))) | E31: =IF($A31="","",IF(COUNTIFS(Saisies!$B$5:$B$304,$A31,Saisies!$J$5:$J$304,$B$3,Saisies!$K$5:$K$304,$D$3,Saisies!$I$5:$I$304,"S3",Saisies!$F$5:$F$304,">=0")=0,"",SUMIFS(Saisies!$F$5:$F$304,Saisies!$B$5:$B$304,$A31,Saisies!$J$5:$J$304,$B$3,Saisies!$K$5:$K$304,$D$3,Saisies!$I$5:$I$304,"S3"))) | F31: =IF($A31="","",IF(COUNTIFS(Saisies!$B$5:$B$304,$A31,Saisies!$J$5:$J$304,$B$3,Saisies!$K$5:$K$304,$D$3,Saisies!$I$5:$I$304,"S4",Saisies!$F$5:$F$304,">=0")=0,"",SUMIFS(Saisies!$F$5:$F$304,Saisies!$B$5:$B$304,$A31,Saisies!$J$5:$J$304,$B$3,Saisies!$K$5:$K$304,$D$3,Saisies!$I$5:$I$304,"S4"))) | G31: =IF($A31="","",IF(COUNTIFS(Saisies!$B$5:$B$304,$A31,Saisies!$J$5:$J$304,$B$3,Saisies!$K$5:$K$304,$D$3,Saisies!$F$5:$F$304,">=0")=0,"",SUMIFS(Saisies!$F$5:$F$304,Saisies!$B$5:$B$304,$A31,Saisies!$J$5:$J$304,$B$3,Saisies!$K$5:$K$304,$D$3))) | H31: =IF($A31="","",IF(COUNTIFS(Saisies!$B$5:$B$304,$A31,Saisies!$J$5:$J$304,$B$3,Saisies!$K$5:$K$304,$D$3,Saisies!$G$5:$G$304,">=0")=0,"",SUMIFS(Saisies!$G$5:$G$304,Saisies!$B$5:$B$304,$A31,Saisies!$J$5:$J$304,$B$3,Saisies!$K$5:$K$304,$D$3))) | I31: =IF(OR(G31="",H31=""),"",H31-G31) | J31: =IF(K31="","",SUMIFS(Saisies!$E$5:$E$304,Saisies!$B$5:$B$304,$A31,Saisies!$A$5:$A$304,K31)) | K31: =IF($A31="","",IF(COUNTIFS(Saisies!$B$5:$B$304,$A31,Saisies!$J$5:$J$304,$B$3,Saisies!$K$5:$K$304,$D$3,Saisies!$E$5:$E$304,">=0")=0,"",_xlfn.MAXIFS(Saisies!$A$5:$A$304,Saisies!$B$5:$B$304,$A31,Saisies!$J$5:$J$304,$B$3,Saisies!$K$5:$K$304,$D$3,Saisies!$E$5:$E$304,">=0")))
A32: =IF(Produits!$A$31="","",Produits!$A$31) | B32: =IF(Produits!$A$31="","",Produits!$C$31) | C32: =IF($A32="","",IF(COUNTIFS(Saisies!$B$5:$B$304,$A32,Saisies!$J$5:$J$304,$B$3,Saisies!$K$5:$K$304,$D$3,Saisies!$I$5:$I$304,"S1",Saisies!$F$5:$F$304,">=0")=0,"",SUMIFS(Saisies!$F$5:$F$304,Saisies!$B$5:$B$304,$A32,Saisies!$J$5:$J$304,$B$3,Saisies!$K$5:$K$304,$D$3,Saisies!$I$5:$I$304,"S1"))) | D32: =IF($A32="","",IF(COUNTIFS(Saisies!$B$5:$B$304,$A32,Saisies!$J$5:$J$304,$B$3,Saisies!$K$5:$K$304,$D$3,Saisies!$I$5:$I$304,"S2",Saisies!$F$5:$F$304,">=0")=0,"",SUMIFS(Saisies!$F$5:$F$304,Saisies!$B$5:$B$304,$A32,Saisies!$J$5:$J$304,$B$3,Saisies!$K$5:$K$304,$D$3,Saisies!$I$5:$I$304,"S2"))) | E32: =IF($A32="","",IF(COUNTIFS(Saisies!$B$5:$B$304,$A32,Saisies!$J$5:$J$304,$B$3,Saisies!$K$5:$K$304,$D$3,Saisies!$I$5:$I$304,"S3",Saisies!$F$5:$F$304,">=0")=0,"",SUMIFS(Saisies!$F$5:$F$304,Saisies!$B$5:$B$304,$A32,Saisies!$J$5:$J$304,$B$3,Saisies!$K$5:$K$304,$D$3,Saisies!$I$5:$I$304,"S3"))) | F32: =IF($A32="","",IF(COUNTIFS(Saisies!$B$5:$B$304,$A32,Saisies!$J$5:$J$304,$B$3,Saisies!$K$5:$K$304,$D$3,Saisies!$I$5:$I$304,"S4",Saisies!$F$5:$F$304,">=0")=0,"",SUMIFS(Saisies!$F$5:$F$304,Saisies!$B$5:$B$304,$A32,Saisies!$J$5:$J$304,$B$3,Saisies!$K$5:$K$304,$D$3,Saisies!$I$5:$I$304,"S4"))) | G32: =IF($A32="","",IF(COUNTIFS(Saisies!$B$5:$B$304,$A32,Saisies!$J$5:$J$304,$B$3,Saisies!$K$5:$K$304,$D$3,Saisies!$F$5:$F$304,">=0")=0,"",SUMIFS(Saisies!$F$5:$F$304,Saisies!$B$5:$B$304,$A32,Saisies!$J$5:$J$304,$B$3,Saisies!$K$5:$K$304,$D$3))) | H32: =IF($A32="","",IF(COUNTIFS(Saisies!$B$5:$B$304,$A32,Saisies!$J$5:$J$304,$B$3,Saisies!$K$5:$K$304,$D$3,Saisies!$G$5:$G$304,">=0")=0,"",SUMIFS(Saisies!$G$5:$G$304,Saisies!$B$5:$B$304,$A32,Saisies!$J$5:$J$304,$B$3,Saisies!$K$5:$K$304,$D$3))) | I32: =IF(OR(G32="",H32=""),"",H32-G32) | J32: =IF(K32="","",SUMIFS(Saisies!$E$5:$E$304,Saisies!$B$5:$B$304,$A32,Saisies!$A$5:$A$304,K32)) | K32: =IF($A32="","",IF(COUNTIFS(Saisies!$B$5:$B$304,$A32,Saisies!$J$5:$J$304,$B$3,Saisies!$K$5:$K$304,$D$3,Saisies!$E$5:$E$304,">=0")=0,"",_xlfn.MAXIFS(Saisies!$A$5:$A$304,Saisies!$B$5:$B$304,$A32,Saisies!$J$5:$J$304,$B$3,Saisies!$K$5:$K$304,$D$3,Saisies!$E$5:$E$304,">=0")))
A33: =IF(Produits!$A$32="","",Produits!$A$32) | B33: =IF(Produits!$A$32="","",Produits!$C$32) | C33: =IF($A33="","",IF(COUNTIFS(Saisies!$B$5:$B$304,$A33,Saisies!$J$5:$J$304,$B$3,Saisies!$K$5:$K$304,$D$3,Saisies!$I$5:$I$304,"S1",Saisies!$F$5:$F$304,">=0")=0,"",SUMIFS(Saisies!$F$5:$F$304,Saisies!$B$5:$B$304,$A33,Saisies!$J$5:$J$304,$B$3,Saisies!$K$5:$K$304,$D$3,Saisies!$I$5:$I$304,"S1"))) | D33: =IF($A33="","",IF(COUNTIFS(Saisies!$B$5:$B$304,$A33,Saisies!$J$5:$J$304,$B$3,Saisies!$K$5:$K$304,$D$3,Saisies!$I$5:$I$304,"S2",Saisies!$F$5:$F$304,">=0")=0,"",SUMIFS(Saisies!$F$5:$F$304,Saisies!$B$5:$B$304,$A33,Saisies!$J$5:$J$304,$B$3,Saisies!$K$5:$K$304,$D$3,Saisies!$I$5:$I$304,"S2"))) | E33: =IF($A33="","",IF(COUNTIFS(Saisies!$B$5:$B$304,$A33,Saisies!$J$5:$J$304,$B$3,Saisies!$K$5:$K$304,$D$3,Saisies!$I$5:$I$304,"S3",Saisies!$F$5:$F$304,">=0")=0,"",SUMIFS(Saisies!$F$5:$F$304,Saisies!$B$5:$B$304,$A33,Saisies!$J$5:$J$304,$B$3,Saisies!$K$5:$K$304,$D$3,Saisies!$I$5:$I$304,"S3"))) | F33: =IF($A33="","",IF(COUNTIFS(Saisies!$B$5:$B$304,$A33,Saisies!$J$5:$J$304,$B$3,Saisies!$K$5:$K$304,$D$3,Saisies!$I$5:$I$304,"S4",Saisies!$F$5:$F$304,">=0")=0,"",SUMIFS(Saisies!$F$5:$F$304,Saisies!$B$5:$B$304,$A33,Saisies!$J$5:$J$304,$B$3,Saisies!$K$5:$K$304,$D$3,Saisies!$I$5:$I$304,"S4"))) | G33: =IF($A33="","",IF(COUNTIFS(Saisies!$B$5:$B$304,$A33,Saisies!$J$5:$J$304,$B$3,Saisies!$K$5:$K$304,$D$3,Saisies!$F$5:$F$304,">=0")=0,"",SUMIFS(Saisies!$F$5:$F$304,Saisies!$B$5:$B$304,$A33,Saisies!$J$5:$J$304,$B$3,Saisies!$K$5:$K$304,$D$3))) | H33: =IF($A33="","",IF(COUNTIFS(Saisies!$B$5:$B$304,$A33,Saisies!$J$5:$J$304,$B$3,Saisies!$K$5:$K$304,$D$3,Saisies!$G$5:$G$304,">=0")=0,"",SUMIFS(Saisies!$G$5:$G$304,Saisies!$B$5:$B$304,$A33,Saisies!$J$5:$J$304,$B$3,Saisies!$K$5:$K$304,$D$3))) | I33: =IF(OR(G33="",H33=""),"",H33-G33) | J33: =IF(K33="","",SUMIFS(Saisies!$E$5:$E$304,Saisies!$B$5:$B$304,$A33,Saisies!$A$5:$A$304,K33)) | K33: =IF($A33="","",IF(COUNTIFS(Saisies!$B$5:$B$304,$A33,Saisies!$J$5:$J$304,$B$3,Saisies!$K$5:$K$304,$D$3,Saisies!$E$5:$E$304,">=0")=0,"",_xlfn.MAXIFS(Saisies!$A$5:$A$304,Saisies!$B$5:$B$304,$A33,Saisies!$J$5:$J$304,$B$3,Saisies!$K$5:$K$304,$D$3,Saisies!$E$5:$E$304,">=0")))
A34: =IF(Produits!$A$33="","",Produits!$A$33) | B34: =IF(Produits!$A$33="","",Produits!$C$33) | C34: =IF($A34="","",IF(COUNTIFS(Saisies!$B$5:$B$304,$A34,Saisies!$J$5:$J$304,$B$3,Saisies!$K$5:$K$304,$D$3,Saisies!$I$5:$I$304,"S1",Saisies!$F$5:$F$304,">=0")=0,"",SUMIFS(Saisies!$F$5:$F$304,Saisies!$B$5:$B$304,$A34,Saisies!$J$5:$J$304,$B$3,Saisies!$K$5:$K$304,$D$3,Saisies!$I$5:$I$304,"S1"))) | D34: =IF($A34="","",IF(COUNTIFS(Saisies!$B$5:$B$304,$A34,Saisies!$J$5:$J$304,$B$3,Saisies!$K$5:$K$304,$D$3,Saisies!$I$5:$I$304,"S2",Saisies!$F$5:$F$304,">=0")=0,"",SUMIFS(Saisies!$F$5:$F$304,Saisies!$B$5:$B$304,$A34,Saisies!$J$5:$J$304,$B$3,Saisies!$K$5:$K$304,$D$3,Saisies!$I$5:$I$304,"S2"))) | E34: =IF($A34="","",IF(COUNTIFS(Saisies!$B$5:$B$304,$A34,Saisies!$J$5:$J$304,$B$3,Saisies!$K$5:$K$304,$D$3,Saisies!$I$5:$I$304,"S3",Saisies!$F$5:$F$304,">=0")=0,"",SUMIFS(Saisies!$F$5:$F$304,Saisies!$B$5:$B$304,$A34,Saisies!$J$5:$J$304,$B$3,Saisies!$K$5:$K$304,$D$3,Saisies!$I$5:$I$304,"S3"))) | F34: =IF($A34="","",IF(COUNTIFS(Saisies!$B$5:$B$304,$A34,Saisies!$J$5:$J$304,$B$3,Saisies!$K$5:$K$304,$D$3,Saisies!$I$5:$I$304,"S4",Saisies!$F$5:$F$304,">=0")=0,"",SUMIFS(Saisies!$F$5:$F$304,Saisies!$B$5:$B$304,$A34,Saisies!$J$5:$J$304,$B$3,Saisies!$K$5:$K$304,$D$3,Saisies!$I$5:$I$304,"S4"))) | G34: =IF($A34="","",IF(COUNTIFS(Saisies!$B$5:$B$304,$A34,Saisies!$J$5:$J$304,$B$3,Saisies!$K$5:$K$304,$D$3,Saisies!$F$5:$F$304,">=0")=0,"",SUMIFS(Saisies!$F$5:$F$304,Saisies!$B$5:$B$304,$A34,Saisies!$J$5:$J$304,$B$3,Saisies!$K$5:$K$304,$D$3))) | H34: =IF($A34="","",IF(COUNTIFS(Saisies!$B$5:$B$304,$A34,Saisies!$J$5:$J$304,$B$3,Saisies!$K$5:$K$304,$D$3,Saisies!$G$5:$G$304,">=0")=0,"",SUMIFS(Saisies!$G$5:$G$304,Saisies!$B$5:$B$304,$A34,Saisies!$J$5:$J$304,$B$3,Saisies!$K$5:$K$304,$D$3))) | I34: =IF(OR(G34="",H34=""),"",H34-G34) | J34: =IF(K34="","",SUMIFS(Saisies!$E$5:$E$304,Saisies!$B$5:$B$304,$A34,Saisies!$A$5:$A$304,K34)) | K34: =IF($A34="","",IF(COUNTIFS(Saisies!$B$5:$B$304,$A34,Saisies!$J$5:$J$304,$B$3,Saisies!$K$5:$K$304,$D$3,Saisies!$E$5:$E$304,">=0")=0,"",_xlfn.MAXIFS(Saisies!$A$5:$A$304,Saisies!$B$5:$B$304,$A34,Saisies!$J$5:$J$304,$B$3,Saisies!$K$5:$K$304,$D$3,Saisies!$E$5:$E$304,">=0")))
A35: =IF(Produits!$A$34="","",Produits!$A$34) | B35: =IF(Produits!$A$34="","",Produits!$C$34) | C35: =IF($A35="","",IF(COUNTIFS(Saisies!$B$5:$B$304,$A35,Saisies!$J$5:$J$304,$B$3,Saisies!$K$5:$K$304,$D$3,Saisies!$I$5:$I$304,"S1",Saisies!$F$5:$F$304,">=0")=0,"",SUMIFS(Saisies!$F$5:$F$304,Saisies!$B$5:$B$304,$A35,Saisies!$J$5:$J$304,$B$3,Saisies!$K$5:$K$304,$D$3,Saisies!$I$5:$I$304,"S1"))) | D35: =IF($A35="","",IF(COUNTIFS(Saisies!$B$5:$B$304,$A35,Saisies!$J$5:$J$304,$B$3,Saisies!$K$5:$K$304,$D$3,Saisies!$I$5:$I$304,"S2",Saisies!$F$5:$F$304,">=0")=0,"",SUMIFS(Saisies!$F$5:$F$304,Saisies!$B$5:$B$304,$A35,Saisies!$J$5:$J$304,$B$3,Saisies!$K$5:$K$304,$D$3,Saisies!$I$5:$I$304,"S2"))) | E35: =IF($A35="","",IF(COUNTIFS(Saisies!$B$5:$B$304,$A35,Saisies!$J$5:$J$304,$B$3,Saisies!$K$5:$K$304,$D$3,Saisies!$I$5:$I$304,"S3",Saisies!$F$5:$F$304,">=0")=0,"",SUMIFS(Saisies!$F$5:$F$304,Saisies!$B$5:$B$304,$A35,Saisies!$J$5:$J$304,$B$3,Saisies!$K$5:$K$304,$D$3,Saisies!$I$5:$I$304,"S3"))) | F35: =IF($A35="","",IF(COUNTIFS(Saisies!$B$5:$B$304,$A35,Saisies!$J$5:$J$304,$B$3,Saisies!$K$5:$K$304,$D$3,Saisies!$I$5:$I$304,"S4",Saisies!$F$5:$F$304,">=0")=0,"",SUMIFS(Saisies!$F$5:$F$304,Saisies!$B$5:$B$304,$A35,Saisies!$J$5:$J$304,$B$3,Saisies!$K$5:$K$304,$D$3,Saisies!$I$5:$I$304,"S4"))) | G35: =IF($A35="","",IF(COUNTIFS(Saisies!$B$5:$B$304,$A35,Saisies!$J$5:$J$304,$B$3,Saisies!$K$5:$K$304,$D$3,Saisies!$F$5:$F$304,">=0")=0,"",SUMIFS(Saisies!$F$5:$F$304,Saisies!$B$5:$B$304,$A35,Saisies!$J$5:$J$304,$B$3,Saisies!$K$5:$K$304,$D$3))) | H35: =IF($A35="","",IF(COUNTIFS(Saisies!$B$5:$B$304,$A35,Saisies!$J$5:$J$304,$B$3,Saisies!$K$5:$K$304,$D$3,Saisies!$G$5:$G$304,">=0")=0,"",SUMIFS(Saisies!$G$5:$G$304,Saisies!$B$5:$B$304,$A35,Saisies!$J$5:$J$304,$B$3,Saisies!$K$5:$K$304,$D$3))) | I35: =IF(OR(G35="",H35=""),"",H35-G35) | J35: =IF(K35="","",SUMIFS(Saisies!$E$5:$E$304,Saisies!$B$5:$B$304,$A35,Saisies!$A$5:$A$304,K35)) | K35: =IF($A35="","",IF(COUNTIFS(Saisies!$B$5:$B$304,$A35,Saisies!$J$5:$J$304,$B$3,Saisies!$K$5:$K$304,$D$3,Saisies!$E$5:$E$304,">=0")=0,"",_xlfn.MAXIFS(Saisies!$A$5:$A$304,Saisies!$B$5:$B$304,$A35,Saisies!$J$5:$J$304,$B$3,Saisies!$K$5:$K$304,$D$3,Saisies!$E$5:$E$304,">=0")))
A36: =IF(Produits!$A$35="","",Produits!$A$35) | B36: =IF(Produits!$A$35="","",Produits!$C$35) | C36: =IF($A36="","",IF(COUNTIFS(Saisies!$B$5:$B$304,$A36,Saisies!$J$5:$J$304,$B$3,Saisies!$K$5:$K$304,$D$3,Saisies!$I$5:$I$304,"S1",Saisies!$F$5:$F$304,">=0")=0,"",SUMIFS(Saisies!$F$5:$F$304,Saisies!$B$5:$B$304,$A36,Saisies!$J$5:$J$304,$B$3,Saisies!$K$5:$K$304,$D$3,Saisies!$I$5:$I$304,"S1"))) | D36: =IF($A36="","",IF(COUNTIFS(Saisies!$B$5:$B$304,$A36,Saisies!$J$5:$J$304,$B$3,Saisies!$K$5:$K$304,$D$3,Saisies!$I$5:$I$304,"S2",Saisies!$F$5:$F$304,">=0")=0,"",SUMIFS(Saisies!$F$5:$F$304,Saisies!$B$5:$B$304,$A36,Saisies!$J$5:$J$304,$B$3,Saisies!$K$5:$K$304,$D$3,Saisies!$I$5:$I$304,"S2"))) | E36: =IF($A36="","",IF(COUNTIFS(Saisies!$B$5:$B$304,$A36,Saisies!$J$5:$J$304,$B$3,Saisies!$K$5:$K$304,$D$3,Saisies!$I$5:$I$304,"S3",Saisies!$F$5:$F$304,">=0")=0,"",SUMIFS(Saisies!$F$5:$F$304,Saisies!$B$5:$B$304,$A36,Saisies!$J$5:$J$304,$B$3,Saisies!$K$5:$K$304,$D$3,Saisies!$I$5:$I$304,"S3"))) | F36: =IF($A36="","",IF(COUNTIFS(Saisies!$B$5:$B$304,$A36,Saisies!$J$5:$J$304,$B$3,Saisies!$K$5:$K$304,$D$3,Saisies!$I$5:$I$304,"S4",Saisies!$F$5:$F$304,">=0")=0,"",SUMIFS(Saisies!$F$5:$F$304,Saisies!$B$5:$B$304,$A36,Saisies!$J$5:$J$304,$B$3,Saisies!$K$5:$K$304,$D$3,Saisies!$I$5:$I$304,"S4"))) | G36: =IF($A36="","",IF(COUNTIFS(Saisies!$B$5:$B$304,$A36,Saisies!$J$5:$J$304,$B$3,Saisies!$K$5:$K$304,$D$3,Saisies!$F$5:$F$304,">=0")=0,"",SUMIFS(Saisies!$F$5:$F$304,Saisies!$B$5:$B$304,$A36,Saisies!$J$5:$J$304,$B$3,Saisies!$K$5:$K$304,$D$3))) | H36: =IF($A36="","",IF(COUNTIFS(Saisies!$B$5:$B$304,$A36,Saisies!$J$5:$J$304,$B$3,Saisies!$K$5:$K$304,$D$3,Saisies!$G$5:$G$304,">=0")=0,"",SUMIFS(Saisies!$G$5:$G$304,Saisies!$B$5:$B$304,$A36,Saisies!$J$5:$J$304,$B$3,Saisies!$K$5:$K$304,$D$3))) | I36: =IF(OR(G36="",H36=""),"",H36-G36) | J36: =IF(K36="","",SUMIFS(Saisies!$E$5:$E$304,Saisies!$B$5:$B$304,$A36,Saisies!$A$5:$A$304,K36)) | K36: =IF($A36="","",IF(COUNTIFS(Saisies!$B$5:$B$304,$A36,Saisies!$J$5:$J$304,$B$3,Saisies!$K$5:$K$304,$D$3,Saisies!$E$5:$E$304,">=0")=0,"",_xlfn.MAXIFS(Saisies!$A$5:$A$304,Saisies!$B$5:$B$304,$A36,Saisies!$J$5:$J$304,$B$3,Saisies!$K$5:$K$304,$D$3,Saisies!$E$5:$E$304,">=0")))
A37: =IF(Produits!$A$36="","",Produits!$A$36) | B37: =IF(Produits!$A$36="","",Produits!$C$36) | C37: =IF($A37="","",IF(COUNTIFS(Saisies!$B$5:$B$304,$A37,Saisies!$J$5:$J$304,$B$3,Saisies!$K$5:$K$304,$D$3,Saisies!$I$5:$I$304,"S1",Saisies!$F$5:$F$304,">=0")=0,"",SUMIFS(Saisies!$F$5:$F$304,Saisies!$B$5:$B$304,$A37,Saisies!$J$5:$J$304,$B$3,Saisies!$K$5:$K$304,$D$3,Saisies!$I$5:$I$304,"S1"))) | D37: =IF($A37="","",IF(COUNTIFS(Saisies!$B$5:$B$304,$A37,Saisies!$J$5:$J$304,$B$3,Saisies!$K$5:$K$304,$D$3,Saisies!$I$5:$I$304,"S2",Saisies!$F$5:$F$304,">=0")=0,"",SUMIFS(Saisies!$F$5:$F$304,Saisies!$B$5:$B$304,$A37,Saisies!$J$5:$J$304,$B$3,Saisies!$K$5:$K$304,$D$3,Saisies!$I$5:$I$304,"S2"))) | E37: =IF($A37="","",IF(COUNTIFS(Saisies!$B$5:$B$304,$A37,Saisies!$J$5:$J$304,$B$3,Saisies!$K$5:$K$304,$D$3,Saisies!$I$5:$I$304,"S3",Saisies!$F$5:$F$304,">=0")=0,"",SUMIFS(Saisies!$F$5:$F$304,Saisies!$B$5:$B$304,$A37,Saisies!$J$5:$J$304,$B$3,Saisies!$K$5:$K$304,$D$3,Saisies!$I$5:$I$304,"S3"))) | F37: =IF($A37="","",IF(COUNTIFS(Saisies!$B$5:$B$304,$A37,Saisies!$J$5:$J$304,$B$3,Saisies!$K$5:$K$304,$D$3,Saisies!$I$5:$I$304,"S4",Saisies!$F$5:$F$304,">=0")=0,"",SUMIFS(Saisies!$F$5:$F$304,Saisies!$B$5:$B$304,$A37,Saisies!$J$5:$J$304,$B$3,Saisies!$K$5:$K$304,$D$3,Saisies!$I$5:$I$304,"S4"))) | G37: =IF($A37="","",IF(COUNTIFS(Saisies!$B$5:$B$304,$A37,Saisies!$J$5:$J$304,$B$3,Saisies!$K$5:$K$304,$D$3,Saisies!$F$5:$F$304,">=0")=0,"",SUMIFS(Saisies!$F$5:$F$304,Saisies!$B$5:$B$304,$A37,Saisies!$J$5:$J$304,$B$3,Saisies!$K$5:$K$304,$D$3))) | H37: =IF($A37="","",IF(COUNTIFS(Saisies!$B$5:$B$304,$A37,Saisies!$J$5:$J$304,$B$3,Saisies!$K$5:$K$304,$D$3,Saisies!$G$5:$G$304,">=0")=0,"",SUMIFS(Saisies!$G$5:$G$304,Saisies!$B$5:$B$304,$A37,Saisies!$J$5:$J$304,$B$3,Saisies!$K$5:$K$304,$D$3))) | I37: =IF(OR(G37="",H37=""),"",H37-G37) | J37: =IF(K37="","",SUMIFS(Saisies!$E$5:$E$304,Saisies!$B$5:$B$304,$A37,Saisies!$A$5:$A$304,K37)) | K37: =IF($A37="","",IF(COUNTIFS(Saisies!$B$5:$B$304,$A37,Saisies!$J$5:$J$304,$B$3,Saisies!$K$5:$K$304,$D$3,Saisies!$E$5:$E$304,">=0")=0,"",_xlfn.MAXIFS(Saisies!$A$5:$A$304,Saisies!$B$5:$B$304,$A37,Saisies!$J$5:$J$304,$B$3,Saisies!$K$5:$K$304,$D$3,Saisies!$E$5:$E$304,">=0")))
A38: =IF(Produits!$A$37="","",Produits!$A$37) | B38: =IF(Produits!$A$37="","",Produits!$C$37) | C38: =IF($A38="","",IF(COUNTIFS(Saisies!$B$5:$B$304,$A38,Saisies!$J$5:$J$304,$B$3,Saisies!$K$5:$K$304,$D$3,Saisies!$I$5:$I$304,"S1",Saisies!$F$5:$F$304,">=0")=0,"",SUMIFS(Saisies!$F$5:$F$304,Saisies!$B$5:$B$304,$A38,Saisies!$J$5:$J$304,$B$3,Saisies!$K$5:$K$304,$D$3,Saisies!$I$5:$I$304,"S1"))) | D38: =IF($A38="","",IF(COUNTIFS(Saisies!$B$5:$B$304,$A38,Saisies!$J$5:$J$304,$B$3,Saisies!$K$5:$K$304,$D$3,Saisies!$I$5:$I$304,"S2",Saisies!$F$5:$F$304,">=0")=0,"",SUMIFS(Saisies!$F$5:$F$304,Saisies!$B$5:$B$304,$A38,Saisies!$J$5:$J$304,$B$3,Saisies!$K$5:$K$304,$D$3,Saisies!$I$5:$I$304,"S2"))) | E38: =IF($A38="","",IF(COUNTIFS(Saisies!$B$5:$B$304,$A38,Saisies!$J$5:$J$304,$B$3,Saisies!$K$5:$K$304,$D$3,Saisies!$I$5:$I$304,"S3",Saisies!$F$5:$F$304,">=0")=0,"",SUMIFS(Saisies!$F$5:$F$304,Saisies!$B$5:$B$304,$A38,Saisies!$J$5:$J$304,$B$3,Saisies!$K$5:$K$304,$D$3,Saisies!$I$5:$I$304,"S3"))) | F38: =IF($A38="","",IF(COUNTIFS(Saisies!$B$5:$B$304,$A38,Saisies!$J$5:$J$304,$B$3,Saisies!$K$5:$K$304,$D$3,Saisies!$I$5:$I$304,"S4",Saisies!$F$5:$F$304,">=0")=0,"",SUMIFS(Saisies!$F$5:$F$304,Saisies!$B$5:$B$304,$A38,Saisies!$J$5:$J$304,$B$3,Saisies!$K$5:$K$304,$D$3,Saisies!$I$5:$I$304,"S4"))) | G38: =IF($A38="","",IF(COUNTIFS(Saisies!$B$5:$B$304,$A38,Saisies!$J$5:$J$304,$B$3,Saisies!$K$5:$K$304,$D$3,Saisies!$F$5:$F$304,">=0")=0,"",SUMIFS(Saisies!$F$5:$F$304,Saisies!$B$5:$B$304,$A38,Saisies!$J$5:$J$304,$B$3,Saisies!$K$5:$K$304,$D$3))) | H38: =IF($A38="","",IF(COUNTIFS(Saisies!$B$5:$B$304,$A38,Saisies!$J$5:$J$304,$B$3,Saisies!$K$5:$K$304,$D$3,Saisies!$G$5:$G$304,">=0")=0,"",SUMIFS(Saisies!$G$5:$G$304,Saisies!$B$5:$B$304,$A38,Saisies!$J$5:$J$304,$B$3,Saisies!$K$5:$K$304,$D$3))) | I38: =IF(OR(G38="",H38=""),"",H38-G38) | J38: =IF(K38="","",SUMIFS(Saisies!$E$5:$E$304,Saisies!$B$5:$B$304,$A38,Saisies!$A$5:$A$304,K38)) | K38: =IF($A38="","",IF(COUNTIFS(Saisies!$B$5:$B$304,$A38,Saisies!$J$5:$J$304,$B$3,Saisies!$K$5:$K$304,$D$3,Saisies!$E$5:$E$304,">=0")=0,"",_xlfn.MAXIFS(Saisies!$A$5:$A$304,Saisies!$B$5:$B$304,$A38,Saisies!$J$5:$J$304,$B$3,Saisies!$K$5:$K$304,$D$3,Saisies!$E$5:$E$304,">=0")))
A39: =IF(Produits!$A$38="","",Produits!$A$38) | B39: =IF(Produits!$A$38="","",Produits!$C$38) | C39: =IF($A39="","",IF(COUNTIFS(Saisies!$B$5:$B$304,$A39,Saisies!$J$5:$J$304,$B$3,Saisies!$K$5:$K$304,$D$3,Saisies!$I$5:$I$304,"S1",Saisies!$F$5:$F$304,">=0")=0,"",SUMIFS(Saisies!$F$5:$F$304,Saisies!$B$5:$B$304,$A39,Saisies!$J$5:$J$304,$B$3,Saisies!$K$5:$K$304,$D$3,Saisies!$I$5:$I$304,"S1"))) | D39: =IF($A39="","",IF(COUNTIFS(Saisies!$B$5:$B$304,$A39,Saisies!$J$5:$J$304,$B$3,Saisies!$K$5:$K$304,$D$3,Saisies!$I$5:$I$304,"S2",Saisies!$F$5:$F$304,">=0")=0,"",SUMIFS(Saisies!$F$5:$F$304,Saisies!$B$5:$B$304,$A39,Saisies!$J$5:$J$304,$B$3,Saisies!$K$5:$K$304,$D$3,Saisies!$I$5:$I$304,"S2"))) | E39: =IF($A39="","",IF(COUNTIFS(Saisies!$B$5:$B$304,$A39,Saisies!$J$5:$J$304,$B$3,Saisies!$K$5:$K$304,$D$3,Saisies!$I$5:$I$304,"S3",Saisies!$F$5:$F$304,">=0")=0,"",SUMIFS(Saisies!$F$5:$F$304,Saisies!$B$5:$B$304,$A39,Saisies!$J$5:$J$304,$B$3,Saisies!$K$5:$K$304,$D$3,Saisies!$I$5:$I$304,"S3"))) | F39: =IF($A39="","",IF(COUNTIFS(Saisies!$B$5:$B$304,$A39,Saisies!$J$5:$J$304,$B$3,Saisies!$K$5:$K$304,$D$3,Saisies!$I$5:$I$304,"S4",Saisies!$F$5:$F$304,">=0")=0,"",SUMIFS(Saisies!$F$5:$F$304,Saisies!$B$5:$B$304,$A39,Saisies!$J$5:$J$304,$B$3,Saisies!$K$5:$K$304,$D$3,Saisies!$I$5:$I$304,"S4"))) | G39: =IF($A39="","",IF(COUNTIFS(Saisies!$B$5:$B$304,$A39,Saisies!$J$5:$J$304,$B$3,Saisies!$K$5:$K$304,$D$3,Saisies!$F$5:$F$304,">=0")=0,"",SUMIFS(Saisies!$F$5:$F$304,Saisies!$B$5:$B$304,$A39,Saisies!$J$5:$J$304,$B$3,Saisies!$K$5:$K$304,$D$3))) | H39: =IF($A39="","",IF(COUNTIFS(Saisies!$B$5:$B$304,$A39,Saisies!$J$5:$J$304,$B$3,Saisies!$K$5:$K$304,$D$3,Saisies!$G$5:$G$304,">=0")=0,"",SUMIFS(Saisies!$G$5:$G$304,Saisies!$B$5:$B$304,$A39,Saisies!$J$5:$J$304,$B$3,Saisies!$K$5:$K$304,$D$3))) | I39: =IF(OR(G39="",H39=""),"",H39-G39) | J39: =IF(K39="","",SUMIFS(Saisies!$E$5:$E$304,Saisies!$B$5:$B$304,$A39,Saisies!$A$5:$A$304,K39)) | K39: =IF($A39="","",IF(COUNTIFS(Saisies!$B$5:$B$304,$A39,Saisies!$J$5:$J$304,$B$3,Saisies!$K$5:$K$304,$D$3,Saisies!$E$5:$E$304,">=0")=0,"",_xlfn.MAXIFS(Saisies!$A$5:$A$304,Saisies!$B$5:$B$304,$A39,Saisies!$J$5:$J$304,$B$3,Saisies!$K$5:$K$304,$D$3,Saisies!$E$5:$E$304,">=0")))
A40: =IF(Produits!$A$39="","",Produits!$A$39) | B40: =IF(Produits!$A$39="","",Produits!$C$39) | C40: =IF($A40="","",IF(COUNTIFS(Saisies!$B$5:$B$304,$A40,Saisies!$J$5:$J$304,$B$3,Saisies!$K$5:$K$304,$D$3,Saisies!$I$5:$I$304,"S1",Saisies!$F$5:$F$304,">=0")=0,"",SUMIFS(Saisies!$F$5:$F$304,Saisies!$B$5:$B$304,$A40,Saisies!$J$5:$J$304,$B$3,Saisies!$K$5:$K$304,$D$3,Saisies!$I$5:$I$304,"S1"))) | D40: =IF($A40="","",IF(COUNTIFS(Saisies!$B$5:$B$304,$A40,Saisies!$J$5:$J$304,$B$3,Saisies!$K$5:$K$304,$D$3,Saisies!$I$5:$I$304,"S2",Saisies!$F$5:$F$304,">=0")=0,"",SUMIFS(Saisies!$F$5:$F$304,Saisies!$B$5:$B$304,$A40,Saisies!$J$5:$J$304,$B$3,Saisies!$K$5:$K$304,$D$3,Saisies!$I$5:$I$304,"S2"))) | E40: =IF($A40="","",IF(COUNTIFS(Saisies!$B$5:$B$304,$A40,Saisies!$J$5:$J$304,$B$3,Saisies!$K$5:$K$304,$D$3,Saisies!$I$5:$I$304,"S3",Saisies!$F$5:$F$304,">=0")=0,"",SUMIFS(Saisies!$F$5:$F$304,Saisies!$B$5:$B$304,$A40,Saisies!$J$5:$J$304,$B$3,Saisies!$K$5:$K$304,$D$3,Saisies!$I$5:$I$304,"S3"))) | F40: =IF($A40="","",IF(COUNTIFS(Saisies!$B$5:$B$304,$A40,Saisies!$J$5:$J$304,$B$3,Saisies!$K$5:$K$304,$D$3,Saisies!$I$5:$I$304,"S4",Saisies!$F$5:$F$304,">=0")=0,"",SUMIFS(Saisies!$F$5:$F$304,Saisies!$B$5:$B$304,$A40,Saisies!$J$5:$J$304,$B$3,Saisies!$K$5:$K$304,$D$3,Saisies!$I$5:$I$304,"S4"))) | G40: =IF($A40="","",IF(COUNTIFS(Saisies!$B$5:$B$304,$A40,Saisies!$J$5:$J$304,$B$3,Saisies!$K$5:$K$304,$D$3,Saisies!$F$5:$F$304,">=0")=0,"",SUMIFS(Saisies!$F$5:$F$304,Saisies!$B$5:$B$304,$A40,Saisies!$J$5:$J$304,$B$3,Saisies!$K$5:$K$304,$D$3))) | H40: =IF($A40="","",IF(COUNTIFS(Saisies!$B$5:$B$304,$A40,Saisies!$J$5:$J$304,$B$3,Saisies!$K$5:$K$304,$D$3,Saisies!$G$5:$G$304,">=0")=0,"",SUMIFS(Saisies!$G$5:$G$304,Saisies!$B$5:$B$304,$A40,Saisies!$J$5:$J$304,$B$3,Saisies!$K$5:$K$304,$D$3))) | I40: =IF(OR(G40="",H40=""),"",H40-G40) | J40: =IF(K40="","",SUMIFS(Saisies!$E$5:$E$304,Saisies!$B$5:$B$304,$A40,Saisies!$A$5:$A$304,K40)) | K40: =IF($A40="","",IF(COUNTIFS(Saisies!$B$5:$B$304,$A40,Saisies!$J$5:$J$304,$B$3,Saisies!$K$5:$K$304,$D$3,Saisies!$E$5:$E$304,">=0")=0,"",_xlfn.MAXIFS(Saisies!$A$5:$A$304,Saisies!$B$5:$B$304,$A40,Saisies!$J$5:$J$304,$B$3,Saisies!$K$5:$K$304,$D$3,Saisies!$E$5:$E$304,">=0")))
A41: =IF(Produits!$A$40="","",Produits!$A$40) | B41: =IF(Produits!$A$40="","",Produits!$C$40) | C41: =IF($A41="","",IF(COUNTIFS(Saisies!$B$5:$B$304,$A41,Saisies!$J$5:$J$304,$B$3,Saisies!$K$5:$K$304,$D$3,Saisies!$I$5:$I$304,"S1",Saisies!$F$5:$F$304,">=0")=0,"",SUMIFS(Saisies!$F$5:$F$304,Saisies!$B$5:$B$304,$A41,Saisies!$J$5:$J$304,$B$3,Saisies!$K$5:$K$304,$D$3,Saisies!$I$5:$I$304,"S1"))) | D41: =IF($A41="","",IF(COUNTIFS(Saisies!$B$5:$B$304,$A41,Saisies!$J$5:$J$304,$B$3,Saisies!$K$5:$K$304,$D$3,Saisies!$I$5:$I$304,"S2",Saisies!$F$5:$F$304,">=0")=0,"",SUMIFS(Saisies!$F$5:$F$304,Saisies!$B$5:$B$304,$A41,Saisies!$J$5:$J$304,$B$3,Saisies!$K$5:$K$304,$D$3,Saisies!$I$5:$I$304,"S2"))) | E41: =IF($A41="","",IF(COUNTIFS(Saisies!$B$5:$B$304,$A41,Saisies!$J$5:$J$304,$B$3,Saisies!$K$5:$K$304,$D$3,Saisies!$I$5:$I$304,"S3",Saisies!$F$5:$F$304,">=0")=0,"",SUMIFS(Saisies!$F$5:$F$304,Saisies!$B$5:$B$304,$A41,Saisies!$J$5:$J$304,$B$3,Saisies!$K$5:$K$304,$D$3,Saisies!$I$5:$I$304,"S3"))) | F41: =IF($A41="","",IF(COUNTIFS(Saisies!$B$5:$B$304,$A41,Saisies!$J$5:$J$304,$B$3,Saisies!$K$5:$K$304,$D$3,Saisies!$I$5:$I$304,"S4",Saisies!$F$5:$F$304,">=0")=0,"",SUMIFS(Saisies!$F$5:$F$304,Saisies!$B$5:$B$304,$A41,Saisies!$J$5:$J$304,$B$3,Saisies!$K$5:$K$304,$D$3,Saisies!$I$5:$I$304,"S4"))) | G41: =IF($A41="","",IF(COUNTIFS(Saisies!$B$5:$B$304,$A41,Saisies!$J$5:$J$304,$B$3,Saisies!$K$5:$K$304,$D$3,Saisies!$F$5:$F$304,">=0")=0,"",SUMIFS(Saisies!$F$5:$F$304,Saisies!$B$5:$B$304,$A41,Saisies!$J$5:$J$304,$B$3,Saisies!$K$5:$K$304,$D$3))) | H41: =IF($A41="","",IF(COUNTIFS(Saisies!$B$5:$B$304,$A41,Saisies!$J$5:$J$304,$B$3,Saisies!$K$5:$K$304,$D$3,Saisies!$G$5:$G$304,">=0")=0,"",SUMIFS(Saisies!$G$5:$G$304,Saisies!$B$5:$B$304,$A41,Saisies!$J$5:$J$304,$B$3,Saisies!$K$5:$K$304,$D$3))) | I41: =IF(OR(G41="",H41=""),"",H41-G41) | J41: =IF(K41="","",SUMIFS(Saisies!$E$5:$E$304,Saisies!$B$5:$B$304,$A41,Saisies!$A$5:$A$304,K41)) | K41: =IF($A41="","",IF(COUNTIFS(Saisies!$B$5:$B$304,$A41,Saisies!$J$5:$J$304,$B$3,Saisies!$K$5:$K$304,$D$3,Saisies!$E$5:$E$304,">=0")=0,"",_xlfn.MAXIFS(Saisies!$A$5:$A$304,Saisies!$B$5:$B$304,$A41,Saisies!$J$5:$J$304,$B$3,Saisies!$K$5:$K$304,$D$3,Saisies!$E$5:$E$304,">=0")))
A42: =IF(Produits!$A$41="","",Produits!$A$41) | B42: =IF(Produits!$A$41="","",Produits!$C$41) | C42: =IF($A42="","",IF(COUNTIFS(Saisies!$B$5:$B$304,$A42,Saisies!$J$5:$J$304,$B$3,Saisies!$K$5:$K$304,$D$3,Saisies!$I$5:$I$304,"S1",Saisies!$F$5:$F$304,">=0")=0,"",SUMIFS(Saisies!$F$5:$F$304,Saisies!$B$5:$B$304,$A42,Saisies!$J$5:$J$304,$B$3,Saisies!$K$5:$K$304,$D$3,Saisies!$I$5:$I$304,"S1"))) | D42: =IF($A42="","",IF(COUNTIFS(Saisies!$B$5:$B$304,$A42,Saisies!$J$5:$J$304,$B$3,Saisies!$K$5:$K$304,$D$3,Saisies!$I$5:$I$304,"S2",Saisies!$F$5:$F$304,">=0")=0,"",SUMIFS(Saisies!$F$5:$F$304,Saisies!$B$5:$B$304,$A42,Saisies!$J$5:$J$304,$B$3,Saisies!$K$5:$K$304,$D$3,Saisies!$I$5:$I$304,"S2"))) | E42: =IF($A42="","",IF(COUNTIFS(Saisies!$B$5:$B$304,$A42,Saisies!$J$5:$J$304,$B$3,Saisies!$K$5:$K$304,$D$3,Saisies!$I$5:$I$304,"S3",Saisies!$F$5:$F$304,">=0")=0,"",SUMIFS(Saisies!$F$5:$F$304,Saisies!$B$5:$B$304,$A42,Saisies!$J$5:$J$304,$B$3,Saisies!$K$5:$K$304,$D$3,Saisies!$I$5:$I$304,"S3"))) | F42: =IF($A42="","",IF(COUNTIFS(Saisies!$B$5:$B$304,$A42,Saisies!$J$5:$J$304,$B$3,Saisies!$K$5:$K$304,$D$3,Saisies!$I$5:$I$304,"S4",Saisies!$F$5:$F$304,">=0")=0,"",SUMIFS(Saisies!$F$5:$F$304,Saisies!$B$5:$B$304,$A42,Saisies!$J$5:$J$304,$B$3,Saisies!$K$5:$K$304,$D$3,Saisies!$I$5:$I$304,"S4"))) | G42: =IF($A42="","",IF(COUNTIFS(Saisies!$B$5:$B$304,$A42,Saisies!$J$5:$J$304,$B$3,Saisies!$K$5:$K$304,$D$3,Saisies!$F$5:$F$304,">=0")=0,"",SUMIFS(Saisies!$F$5:$F$304,Saisies!$B$5:$B$304,$A42,Saisies!$J$5:$J$304,$B$3,Saisies!$K$5:$K$304,$D$3))) | H42: =IF($A42="","",IF(COUNTIFS(Saisies!$B$5:$B$304,$A42,Saisies!$J$5:$J$304,$B$3,Saisies!$K$5:$K$304,$D$3,Saisies!$G$5:$G$304,">=0")=0,"",SUMIFS(Saisies!$G$5:$G$304,Saisies!$B$5:$B$304,$A42,Saisies!$J$5:$J$304,$B$3,Saisies!$K$5:$K$304,$D$3))) | I42: =IF(OR(G42="",H42=""),"",H42-G42) | J42: =IF(K42="","",SUMIFS(Saisies!$E$5:$E$304,Saisies!$B$5:$B$304,$A42,Saisies!$A$5:$A$304,K42)) | K42: =IF($A42="","",IF(COUNTIFS(Saisies!$B$5:$B$304,$A42,Saisies!$J$5:$J$304,$B$3,Saisies!$K$5:$K$304,$D$3,Saisies!$E$5:$E$304,">=0")=0,"",_xlfn.MAXIFS(Saisies!$A$5:$A$304,Saisies!$B$5:$B$304,$A42,Saisies!$J$5:$J$304,$B$3,Saisies!$K$5:$K$304,$D$3,Saisies!$E$5:$E$304,">=0")))
A43: =IF(Produits!$A$42="","",Produits!$A$42) | B43: =IF(Produits!$A$42="","",Produits!$C$42) | C43: =IF($A43="","",IF(COUNTIFS(Saisies!$B$5:$B$304,$A43,Saisies!$J$5:$J$304,$B$3,Saisies!$K$5:$K$304,$D$3,Saisies!$I$5:$I$304,"S1",Saisies!$F$5:$F$304,">=0")=0,"",SUMIFS(Saisies!$F$5:$F$304,Saisies!$B$5:$B$304,$A43,Saisies!$J$5:$J$304,$B$3,Saisies!$K$5:$K$304,$D$3,Saisies!$I$5:$I$304,"S1"))) | D43: =IF($A43="","",IF(COUNTIFS(Saisies!$B$5:$B$304,$A43,Saisies!$J$5:$J$304,$B$3,Saisies!$K$5:$K$304,$D$3,Saisies!$I$5:$I$304,"S2",Saisies!$F$5:$F$304,">=0")=0,"",SUMIFS(Saisies!$F$5:$F$304,Saisies!$B$5:$B$304,$A43,Saisies!$J$5:$J$304,$B$3,Saisies!$K$5:$K$304,$D$3,Saisies!$I$5:$I$304,"S2"))) | E43: =IF($A43="","",IF(COUNTIFS(Saisies!$B$5:$B$304,$A43,Saisies!$J$5:$J$304,$B$3,Saisies!$K$5:$K$304,$D$3,Saisies!$I$5:$I$304,"S3",Saisies!$F$5:$F$304,">=0")=0,"",SUMIFS(Saisies!$F$5:$F$304,Saisies!$B$5:$B$304,$A43,Saisies!$J$5:$J$304,$B$3,Saisies!$K$5:$K$304,$D$3,Saisies!$I$5:$I$304,"S3"))) | F43: =IF($A43="","",IF(COUNTIFS(Saisies!$B$5:$B$304,$A43,Saisies!$J$5:$J$304,$B$3,Saisies!$K$5:$K$304,$D$3,Saisies!$I$5:$I$304,"S4",Saisies!$F$5:$F$304,">=0")=0,"",SUMIFS(Saisies!$F$5:$F$304,Saisies!$B$5:$B$304,$A43,Saisies!$J$5:$J$304,$B$3,Saisies!$K$5:$K$304,$D$3,Saisies!$I$5:$I$304,"S4"))) | G43: =IF($A43="","",IF(COUNTIFS(Saisies!$B$5:$B$304,$A43,Saisies!$J$5:$J$304,$B$3,Saisies!$K$5:$K$304,$D$3,Saisies!$F$5:$F$304,">=0")=0,"",SUMIFS(Saisies!$F$5:$F$304,Saisies!$B$5:$B$304,$A43,Saisies!$J$5:$J$304,$B$3,Saisies!$K$5:$K$304,$D$3))) | H43: =IF($A43="","",IF(COUNTIFS(Saisies!$B$5:$B$304,$A43,Saisies!$J$5:$J$304,$B$3,Saisies!$K$5:$K$304,$D$3,Saisies!$G$5:$G$304,">=0")=0,"",SUMIFS(Saisies!$G$5:$G$304,Saisies!$B$5:$B$304,$A43,Saisies!$J$5:$J$304,$B$3,Saisies!$K$5:$K$304,$D$3))) | I43: =IF(OR(G43="",H43=""),"",H43-G43) | J43: =IF(K43="","",SUMIFS(Saisies!$E$5:$E$304,Saisies!$B$5:$B$304,$A43,Saisies!$A$5:$A$304,K43)) | K43: =IF($A43="","",IF(COUNTIFS(Saisies!$B$5:$B$304,$A43,Saisies!$J$5:$J$304,$B$3,Saisies!$K$5:$K$304,$D$3,Saisies!$E$5:$E$304,">=0")=0,"",_xlfn.MAXIFS(Saisies!$A$5:$A$304,Saisies!$B$5:$B$304,$A43,Saisies!$J$5:$J$304,$B$3,Saisies!$K$5:$K$304,$D$3,Saisies!$E$5:$E$304,">=0")))
A44: =IF(Produits!$A$43="","",Produits!$A$43) | B44: =IF(Produits!$A$43="","",Produits!$C$43) | C44: =IF($A44="","",IF(COUNTIFS(Saisies!$B$5:$B$304,$A44,Saisies!$J$5:$J$304,$B$3,Saisies!$K$5:$K$304,$D$3,Saisies!$I$5:$I$304,"S1",Saisies!$F$5:$F$304,">=0")=0,"",SUMIFS(Saisies!$F$5:$F$304,Saisies!$B$5:$B$304,$A44,Saisies!$J$5:$J$304,$B$3,Saisies!$K$5:$K$304,$D$3,Saisies!$I$5:$I$304,"S1"))) | D44: =IF($A44="","",IF(COUNTIFS(Saisies!$B$5:$B$304,$A44,Saisies!$J$5:$J$304,$B$3,Saisies!$K$5:$K$304,$D$3,Saisies!$I$5:$I$304,"S2",Saisies!$F$5:$F$304,">=0")=0,"",SUMIFS(Saisies!$F$5:$F$304,Saisies!$B$5:$B$304,$A44,Saisies!$J$5:$J$304,$B$3,Saisies!$K$5:$K$304,$D$3,Saisies!$I$5:$I$304,"S2"))) | E44: =IF($A44="","",IF(COUNTIFS(Saisies!$B$5:$B$304,$A44,Saisies!$J$5:$J$304,$B$3,Saisies!$K$5:$K$304,$D$3,Saisies!$I$5:$I$304,"S3",Saisies!$F$5:$F$304,">=0")=0,"",SUMIFS(Saisies!$F$5:$F$304,Saisies!$B$5:$B$304,$A44,Saisies!$J$5:$J$304,$B$3,Saisies!$K$5:$K$304,$D$3,Saisies!$I$5:$I$304,"S3"))) | F44: =IF($A44="","",IF(COUNTIFS(Saisies!$B$5:$B$304,$A44,Saisies!$J$5:$J$304,$B$3,Saisies!$K$5:$K$304,$D$3,Saisies!$I$5:$I$304,"S4",Saisies!$F$5:$F$304,">=0")=0,"",SUMIFS(Saisies!$F$5:$F$304,Saisies!$B$5:$B$304,$A44,Saisies!$J$5:$J$304,$B$3,Saisies!$K$5:$K$304,$D$3,Saisies!$I$5:$I$304,"S4"))) | G44: =IF($A44="","",IF(COUNTIFS(Saisies!$B$5:$B$304,$A44,Saisies!$J$5:$J$304,$B$3,Saisies!$K$5:$K$304,$D$3,Saisies!$F$5:$F$304,">=0")=0,"",SUMIFS(Saisies!$F$5:$F$304,Saisies!$B$5:$B$304,$A44,Saisies!$J$5:$J$304,$B$3,Saisies!$K$5:$K$304,$D$3))) | H44: =IF($A44="","",IF(COUNTIFS(Saisies!$B$5:$B$304,$A44,Saisies!$J$5:$J$304,$B$3,Saisies!$K$5:$K$304,$D$3,Saisies!$G$5:$G$304,">=0")=0,"",SUMIFS(Saisies!$G$5:$G$304,Saisies!$B$5:$B$304,$A44,Saisies!$J$5:$J$304,$B$3,Saisies!$K$5:$K$304,$D$3))) | I44: =IF(OR(G44="",H44=""),"",H44-G44) | J44: =IF(K44="","",SUMIFS(Saisies!$E$5:$E$304,Saisies!$B$5:$B$304,$A44,Saisies!$A$5:$A$304,K44)) | K44: =IF($A44="","",IF(COUNTIFS(Saisies!$B$5:$B$304,$A44,Saisies!$J$5:$J$304,$B$3,Saisies!$K$5:$K$304,$D$3,Saisies!$E$5:$E$304,">=0")=0,"",_xlfn.MAXIFS(Saisies!$A$5:$A$304,Saisies!$B$5:$B$304,$A44,Saisies!$J$5:$J$304,$B$3,Saisies!$K$5:$K$304,$D$3,Saisies!$E$5:$E$304,">=0")))
A45: =IF(Produits!$A$44="","",Produits!$A$44) | B45: =IF(Produits!$A$44="","",Produits!$C$44) | C45: =IF($A45="","",IF(COUNTIFS(Saisies!$B$5:$B$304,$A45,Saisies!$J$5:$J$304,$B$3,Saisies!$K$5:$K$304,$D$3,Saisies!$I$5:$I$304,"S1",Saisies!$F$5:$F$304,">=0")=0,"",SUMIFS(Saisies!$F$5:$F$304,Saisies!$B$5:$B$304,$A45,Saisies!$J$5:$J$304,$B$3,Saisies!$K$5:$K$304,$D$3,Saisies!$I$5:$I$304,"S1"))) | D45: =IF($A45="","",IF(COUNTIFS(Saisies!$B$5:$B$304,$A45,Saisies!$J$5:$J$304,$B$3,Saisies!$K$5:$K$304,$D$3,Saisies!$I$5:$I$304,"S2",Saisies!$F$5:$F$304,">=0")=0,"",SUMIFS(Saisies!$F$5:$F$304,Saisies!$B$5:$B$304,$A45,Saisies!$J$5:$J$304,$B$3,Saisies!$K$5:$K$304,$D$3,Saisies!$I$5:$I$304,"S2"))) | E45: =IF($A45="","",IF(COUNTIFS(Saisies!$B$5:$B$304,$A45,Saisies!$J$5:$J$304,$B$3,Saisies!$K$5:$K$304,$D$3,Saisies!$I$5:$I$304,"S3",Saisies!$F$5:$F$304,">=0")=0,"",SUMIFS(Saisies!$F$5:$F$304,Saisies!$B$5:$B$304,$A45,Saisies!$J$5:$J$304,$B$3,Saisies!$K$5:$K$304,$D$3,Saisies!$I$5:$I$304,"S3"))) | F45: =IF($A45="","",IF(COUNTIFS(Saisies!$B$5:$B$304,$A45,Saisies!$J$5:$J$304,$B$3,Saisies!$K$5:$K$304,$D$3,Saisies!$I$5:$I$304,"S4",Saisies!$F$5:$F$304,">=0")=0,"",SUMIFS(Saisies!$F$5:$F$304,Saisies!$B$5:$B$304,$A45,Saisies!$J$5:$J$304,$B$3,Saisies!$K$5:$K$304,$D$3,Saisies!$I$5:$I$304,"S4"))) | G45: =IF($A45="","",IF(COUNTIFS(Saisies!$B$5:$B$304,$A45,Saisies!$J$5:$J$304,$B$3,Saisies!$K$5:$K$304,$D$3,Saisies!$F$5:$F$304,">=0")=0,"",SUMIFS(Saisies!$F$5:$F$304,Saisies!$B$5:$B$304,$A45,Saisies!$J$5:$J$304,$B$3,Saisies!$K$5:$K$304,$D$3))) | H45: =IF($A45="","",IF(COUNTIFS(Saisies!$B$5:$B$304,$A45,Saisies!$J$5:$J$304,$B$3,Saisies!$K$5:$K$304,$D$3,Saisies!$G$5:$G$304,">=0")=0,"",SUMIFS(Saisies!$G$5:$G$304,Saisies!$B$5:$B$304,$A45,Saisies!$J$5:$J$304,$B$3,Saisies!$K$5:$K$304,$D$3))) | I45: =IF(OR(G45="",H45=""),"",H45-G45) | J45: =IF(K45="","",SUMIFS(Saisies!$E$5:$E$304,Saisies!$B$5:$B$304,$A45,Saisies!$A$5:$A$304,K45)) | K45: =IF($A45="","",IF(COUNTIFS(Saisies!$B$5:$B$304,$A45,Saisies!$J$5:$J$304,$B$3,Saisies!$K$5:$K$304,$D$3,Saisies!$E$5:$E$304,">=0")=0,"",_xlfn.MAXIFS(Saisies!$A$5:$A$304,Saisies!$B$5:$B$304,$A45,Saisies!$J$5:$J$304,$B$3,Saisies!$K$5:$K$304,$D$3,Saisies!$E$5:$E$304,">=0")))

Sheet Saisies
A1: Saisies
A2: Une ligne par produit et par comptage. La semaine et le mois se calculent tout seuls.
I3: Semaine du mois : jours 1-7 = S1, 8-14 = S2, 15-21 = S3, 22 et + = S4
A4: Date | B4: Produit | C4: Fournisseur | D4: Unité | E4: Stock | F4: Commandé | G4: Reçu | H4: Écart | I4: Semaine | J4: Mois | K4: Année
A5: =DATE(2026,10,2) | B5: Farine T55 | C5: =IF(B5="","",IFERROR(INDEX(Produits!$B$5:$B$44,MATCH(B5,Produits!$A$5:$A$44,0)),"")) | D5: =IF(B5="","",IFERROR(INDEX(Produits!$C$5:$C$44,MATCH(B5,Produits!$A$5:$A$44,0)),"")) | E5: 8 | F5: 10 | G5: 7 | H5: =IF(OR(F5="",G5=""),"",G5-F5) | I5: =IF(A5="","","S"&MIN(4,INT((DAY(A5)-1)/7)+1)) | J5: =IF(A5="","",MONTH(A5)) | K5: =IF(A5="","",YEAR(A5))
A6: =DATE(2026,10,2) | B6: Farine T45 | C6: =IF(B6="","",IFERROR(INDEX(Produits!$B$5:$B$44,MATCH(B6,Produits!$A$5:$A$44,0)),"")) | D6: =IF(B6="","",IFERROR(INDEX(Produits!$C$5:$C$44,MATCH(B6,Produits!$A$5:$A$44,0)),"")) | E6: 2 | F6: 5 | G6: 5 | H6: =IF(OR(F6="",G6=""),"",G6-F6) | I6: =IF(A6="","","S"&MIN(4,INT((DAY(A6)-1)/7)+1)) | J6: =IF(A6="","",MONTH(A6)) | K6: =IF(A6="","",YEAR(A6))
A7: =DATE(2026,10,2) | B7: Sucre semoule | C7: =IF(B7="","",IFERROR(INDEX(Produits!$B$5:$B$44,MATCH(B7,Produits!$A$5:$A$44,0)),"")) | D7: =IF(B7="","",IFERROR(INDEX(Produits!$C$5:$C$44,MATCH(B7,Produits!$A$5:$A$44,0)),"")) | E7: 6 | F7: 10 | G7: 10 | H7: =IF(OR(F7="",G7=""),"",G7-F7) | I7: =IF(A7="","","S"&MIN(4,INT((DAY(A7)-1)/7)+1)) | J7: =IF(A7="","",MONTH(A7)) | K7: =IF(A7="","",YEAR(A7))
A8: =DATE(2026,10,2) | B8: Sucre glace | C8: =IF(B8="","",IFERROR(INDEX(Produits!$B$5:$B$44,MATCH(B8,Produits!$A$5:$A$44,0)),"")) | D8: =IF(B8="","",IFERROR(INDEX(Produits!$C$5:$C$44,MATCH(B8,Produits!$A$5:$A$44,0)),"")) | E8: 1 | F8: 3 | G8: 3 | H8: =IF(OR(F8="",G8=""),"",G8-F8) | I8: =IF(A8="","","S"&MIN(4,INT((DAY(A8)-1)/7)+1)) | J8: =IF(A8="","",MONTH(A8)) | K8: =IF(A8="","",YEAR(A8))
A9: =DATE(2026,10,2) | B9: Beurre doux | C9: =IF(B9="","",IFERROR(INDEX(Produits!$B$5:$B$44,MATCH(B9,Produits!$A$5:$A$44,0)),"")) | D9: =IF(B9="","",IFERROR(INDEX(Produits!$C$5:$C$44,MATCH(B9,Produits!$A$5:$A$44,0)),"")) | E9: 3 | F9: 5 | G9: 5 | H9: =IF(OR(F9="",G9=""),"",G9-F9) | I9: =IF(A9="","","S"&MIN(4,INT((DAY(A9)-1)/7)+1)) | J9: =IF(A9="","",MONTH(A9)) | K9: =IF(A9="","",YEAR(A9))
A10: =DATE(2026,10,2) | B10: Crème liquide 35% | C10: =IF(B10="","",IFERROR(INDEX(Produits!$B$5:$B$44,MATCH(B10,Produits!$A$5:$A$44,0)),"")) | D10: =IF(B10="","",IFERROR(INDEX(Produits!$C$5:$C$44,MATCH(B10,Produits!$A$5:$A$44,0)),"")) | E10: 4 | F10: 12 | G10: 12 | H10: =IF(OR(F10="",G10=""),"",G10-F10) | I10: =IF(A10="","","S"&MIN(4,INT((DAY(A10)-1)/7)+1)) | J10: =IF(A10="","",MONTH(A10)) | K10: =IF(A10="","",YEAR(A10))
A11: =DATE(2026,10,2) | B11: Lait entier | C11: =IF(B11="","",IFERROR(INDEX(Produits!$B$5:$B$44,MATCH(B11,Produits!$A$5:$A$44,0)),"")) | D11: =IF(B11="","",IFERROR(INDEX(Produits!$C$5:$C$44,MATCH(B11,Produits!$A$5:$A$44,0)),"")) | E11: 3 | F11: 6 | G11: 6 | H11: =IF(OR(F11="",G11=""),"",G11-F11) | I11: =IF(A11="","","S"&MIN(4,INT((DAY(A11)-1)/7)+1)) | J11: =IF(A11="","",MONTH(A11)) | K11: =IF(A11="","",YEAR(A11))
A12: =DATE(2026,10,2) | B12: Oeufs | C12: =IF(B12="","",IFERROR(INDEX(Produits!$B$5:$B$44,MATCH(B12,Produits!$A$5:$A$44,0)),"")) | D12: =IF(B12="","",IFERROR(INDEX(Produits!$C$5:$C$44,MATCH(B12,Produits!$A$5:$A$44,0)),"")) | E12: 40 | F12: 90 | G12: 90 | H12: =IF(OR(F12="",G12=""),"",G12-F12) | I12: =IF(A12="","","S"&MIN(4,INT((DAY(A12)-1)/7)+1)) | J12: =IF(A12="","",MONTH(A12)) | K12: =IF(A12="","",YEAR(A12))
A13: =DATE(2026,10,2) | B13: Chocolat blanc | C13: =IF(B13="","",IFERROR(INDEX(Produits!$B$5:$B$44,MATCH(B13,Produits!$A$5:$A$44,0)),"")) | D13: =IF(B13="","",IFERROR(INDEX(Produits!$C$5:$C$44,MATCH(B13,Produits!$A$5:$A$44,0)),"")) | E13: 1.5 | F13: 3 | G13: 2 | H13: =IF(OR(F13="",G13=""),"",G13-F13) | I13: =IF(A13="","","S"&MIN(4,INT((DAY(A13)-1)/7)+1)) | J13: =IF(A13="","",MONTH(A13)) | K13: =IF(A13="","",YEAR(A13))
A14: =DATE(2026,10,2) | B14: Chocolat noir 70% | C14: =IF(B14="","",IFERROR(INDEX(Produits!$B$5:$B$44,MATCH(B14,Produits!$A$5:$A$44,0)),"")) | D14: =IF(B14="","",IFERROR(INDEX(Produits!$C$5:$C$44,MATCH(B14,Produits!$A$5:$A$44,0)),"")) | E14: 2 | F14: 2 | G14: 2 | H14: =IF(OR(F14="",G14=""),"",G14-F14) | I14: =IF(A14="","","S"&MIN(4,INT((DAY(A14)-1)/7)+1)) | J14: =IF(A14="","",MONTH(A14)) | K14: =IF(A14="","",YEAR(A14))
A15: =DATE(2026,10,2) | B15: Levure chimique | C15: =IF(B15="","",IFERROR(INDEX(Produits!$B$5:$B$44,MATCH(B15,Produits!$A$5:$A$44,0)),"")) | D15: =IF(B15="","",IFERROR(INDEX(Produits!$C$5:$C$44,MATCH(B15,Produits!$A$5:$A$44,0)),"")) | E15: 0.4 | F15: 1 | G15: 1 | H15: =IF(OR(F15="",G15=""),"",G15-F15) | I15: =IF(A15="","","S"&MIN(4,INT((DAY(A15)-1)/7)+1)) | J15: =IF(A15="","",MONTH(A15)) | K15: =IF(A15="","",YEAR(A15))
A16: =DATE(2026,10,2) | B16: Vanille (gousse) | C16: =IF(B16="","",IFERROR(INDEX(Produits!$B$5:$B$44,MATCH(B16,Produits!$A$5:$A$44,0)),"")) | D16: =IF(B16="","",IFERROR(INDEX(Produits!$C$5:$C$44,MATCH(B16,Produits!$A$5:$A$44,0)),"")) | E16: 6 | F16: 0 | G16: 0 | H16: =IF(OR(F16="",G16=""),"",G16-F16) | I16: =IF(A16="","","S"&MIN(4,INT((DAY(A16)-1)/7)+1)) | J16: =IF(A16="","",MONTH(A16)) | K16: =IF(A16="","",YEAR(A16))
A17: =DATE(2026,10,9) | B17: Farine T55 | C17: =IF(B17="","",IFERROR(INDEX(Produits!$B$5:$B$44,MATCH(B17,Produits!$A$5:$A$44,0)),"")) | D17: =IF(B17="","",IFERROR(INDEX(Produits!$C$5:$C$44,MATCH(B17,Produits!$A$5:$A$44,0)),"")) | E17: 5 | F17: 10 | G17: 10 | H17: =IF(OR(F17="",G17=""),"",G17-F17) | I17: =IF(A17="","","S"&MIN(4,INT((DAY(A17)-1)/7)+1)) | J17: =IF(A17="","",MONTH(A17)) | K17: =IF(A17="","",YEAR(A17))
A18: =DATE(2026,10,9) | B18: Farine T45 | C18: =IF(B18="","",IFERROR(INDEX(Produits!$B$5:$B$44,MATCH(B18,Produits!$A$5:$A$44,0)),"")) | D18: =IF(B18="","",IFERROR(INDEX(Produits!$C$5:$C$44,MATCH(B18,Produits!$A$5:$A$44,0)),"")) | E18: 3 | F18: 3 | G18: 3 | H18: =IF(OR(F18="",G18=""),"",G18-F18) | I18: =IF(A18="","","S"&MIN(4,INT((DAY(A18)-1)/7)+1)) | J18: =IF(A18="","",MONTH(A18)) | K18: =IF(A18="","",YEAR(A18))
A19: =DATE(2026,10,9) | B19: Sucre semoule | C19: =IF(B19="","",IFERROR(INDEX(Produits!$B$5:$B$44,MATCH(B19,Produits!$A$5:$A$44,0)),"")) | D19: =IF(B19="","",IFERROR(INDEX(Produits!$C$5:$C$44,MATCH(B19,Produits!$A$5:$A$44,0)),"")) | E19: 7 | F19: 5 | G19: 5 | H19: =IF(OR(F19="",G19=""),"",G19-F19) | I19: =IF(A19="","","S"&MIN(4,INT((DAY(A19)-1)/7)+1)) | J19: =IF(A19="","",MONTH(A19)) | K19: =IF(A19="","",YEAR(A19))
A20: =DATE(2026,10,9) | B20: Sucre glace | C20: =IF(B20="","",IFERROR(INDEX(Produits!$B$5:$B$44,MATCH(B20,Produits!$A$5:$A$44,0)),"")) | D20: =IF(B20="","",IFERROR(INDEX(Produits!$C$5:$C$44,MATCH(B20,Produits!$A$5:$A$44,0)),"")) | E20: 2 | F20: 0 | G20: 0 | H20: =IF(OR(F20="",G20=""),"",G20-F20) | I20: =IF(A20="","","S"&MIN(4,INT((DAY(A20)-1)/7)+1)) | J20: =IF(A20="","",MONTH(A20)) | K20: =IF(A20="","",YEAR(A20))
A21: =DATE(2026,10,9) | B21: Beurre doux | C21: =IF(B21="","",IFERROR(INDEX(Produits!$B$5:$B$44,MATCH(B21,Produits!$A$5:$A$44,0)),"")) | D21: =IF(B21="","",IFERROR(INDEX(Produits!$C$5:$C$44,MATCH(B21,Produits!$A$5:$A$44,0)),"")) | E21: 4 | F21: 5 | G21: 5 | H21: =IF(OR(F21="",G21=""),"",G21-F21) | I21: =IF(A21="","","S"&MIN(4,INT((DAY(A21)-1)/7)+1)) | J21: =IF(A21="","",MONTH(A21)) | K21: =IF(A21="","",YEAR(A21))
A22: =DATE(2026,10,9) | B22: Crème liquide 35% | C22: =IF(B22="","",IFERROR(INDEX(Produits!$B$5:$B$44,MATCH(B22,Produits!$A$5:$A$44,0)),"")) | D22: =IF(B22="","",IFERROR(INDEX(Produits!$C$5:$C$44,MATCH(B22,Produits!$A$5:$A$44,0)),"")) | E22: 5 | F22: 10 | G22: 10 | H22: =IF(OR(F22="",G22=""),"",G22-F22) | I22: =IF(A22="","","S"&MIN(4,INT((DAY(A22)-1)/7)+1)) | J22: =IF(A22="","",MONTH(A22)) | K22: =IF(A22="","",YEAR(A22))
A23: =DATE(2026,10,9) | B23: Lait entier | C23: =IF(B23="","",IFERROR(INDEX(Produits!$B$5:$B$44,MATCH(B23,Produits!$A$5:$A$44,0)),"")) | D23: =IF(B23="","",IFERROR(INDEX(Produits!$C$5:$C$44,MATCH(B23,Produits!$A$5:$A$44,0)),"")) | E23: 4 | F23: 6 | G23: 6 | H23: =IF(OR(F23="",G23=""),"",G23-F23) | I23: =IF(A23="","","S"&MIN(4,INT((DAY(A23)-1)/7)+1)) | J23: =IF(A23="","",MONTH(A23)) | K23: =IF(A23="","",YEAR(A23))
A24: =DATE(2026,10,9) | B24: Oeufs | C24: =IF(B24="","",IFERROR(INDEX(Produits!$B$5:$B$44,MATCH(B24,Produits!$A$5:$A$44,0)),"")) | D24: =IF(B24="","",IFERROR(INDEX(Produits!$C$5:$C$44,MATCH(B24,Produits!$A$5:$A$44,0)),"")) | E24: 50 | F24: 60 | G24: 60 | H24: =IF(OR(F24="",G24=""),"",G24-F24) | I24: =IF(A24="","","S"&MIN(4,INT((DAY(A24)-1)/7)+1)) | J24: =IF(A24="","",MONTH(A24)) | K24: =IF(A24="","",YEAR(A24))
A25: =DATE(2026,10,9) | B25: Chocolat blanc | C25: =IF(B25="","",IFERROR(INDEX(Produits!$B$5:$B$44,MATCH(B25,Produits!$A$5:$A$44,0)),"")) | D25: =IF(B25="","",IFERROR(INDEX(Produits!$C$5:$C$44,MATCH(B25,Produits!$A$5:$A$44,0)),"")) | E25: 2 | F25: 2 | G25: 2 | H25: =IF(OR(F25="",G25=""),"",G25-F25) | I25: =IF(A25="","","S"&MIN(4,INT((DAY(A25)-1)/7)+1)) | J25: =IF(A25="","",MONTH(A25)) | K25: =IF(A25="","",YEAR(A25))
A26: =DATE(2026,10,9) | B26: Chocolat noir 70% | C26: =IF(B26="","",IFERROR(INDEX(Produits!$B$5:$B$44,MATCH(B26,Produits!$A$5:$A$44,0)),"")) | D26: =IF(B26="","",IFERROR(INDEX(Produits!$C$5:$C$44,MATCH(B26,Produits!$A$5:$A$44,0)),"")) | E26: 2 | F26: 2 | G26: 2 | H26: =IF(OR(F26="",G26=""),"",G26-F26) | I26: =IF(A26="","","S"&MIN(4,INT((DAY(A26)-1)/7)+1)) | J26: =IF(A26="","",MONTH(A26)) | K26: =IF(A26="","",YEAR(A26))
A27: =DATE(2026,10,9) | B27: Levure chimique | C27: =IF(B27="","",IFERROR(INDEX(Produits!$B$5:$B$44,MATCH(B27,Produits!$A$5:$A$44,0)),"")) | D27: =IF(B27="","",IFERROR(INDEX(Produits!$C$5:$C$44,MATCH(B27,Produits!$A$5:$A$44,0)),"")) | E27: 0.6 | F27: 0 | G27: 0 | H27: =IF(OR(F27="",G27=""),"",G27-F27) | I27: =IF(A27="","","S"&MIN(4,INT((DAY(A27)-1)/7)+1)) | J27: =IF(A27="","",MONTH(A27)) | K27: =IF(A27="","",YEAR(A27))
A28: =DATE(2026,10,9) | B28: Vanille (gousse) | C28: =IF(B28="","",IFERROR(INDEX(Produits!$B$5:$B$44,MATCH(B28,Produits!$A$5:$A$44,0)),"")) | D28: =IF(B28="","",IFERROR(INDEX(Produits!$C$5:$C$44,MATCH(B28,Produits!$A$5:$A$44,0)),"")) | E28: 6 | F28: 0 | G28: 0 | H28: =IF(OR(F28="",G28=""),"",G28-F28) | I28: =IF(A28="","","S"&MIN(4,INT((DAY(A28)-1)/7)+1)) | J28: =IF(A28="","",MONTH(A28)) | K28: =IF(A28="","",YEAR(A28))
C29: =IF(B29="","",IFERROR(INDEX(Produits!$B$5:$B$44,MATCH(B29,Produits!$A$5:$A$44,0)),"")) | D29: =IF(B29="","",IFERROR(INDEX(Produits!$C$5:$C$44,MATCH(B29,Produits!$A$5:$A$44,0)),"")) | H29: =IF(OR(F29="",G29=""),"",G29-F29) | I29: =IF(A29="","","S"&MIN(4,INT((DAY(A29)-1)/7)+1)) | J29: =IF(A29="","",MONTH(A29)) | K29: =IF(A29="","",YEAR(A29))
C30: =IF(B30="","",IFERROR(INDEX(Produits!$B$5:$B$44,MATCH(B30,Produits!$A$5:$A$44,0)),"")) | D30: =IF(B30="","",IFERROR(INDEX(Produits!$C$5:$C$44,MATCH(B30,Produits!$A$5:$A$44,0)),"")) | H30: =IF(OR(F30="",G30=""),"",G30-F30) | I30: =IF(A30="","","S"&MIN(4,INT((DAY(A30)-1)/7)+1)) | J30: =IF(A30="","",MONTH(A30)) | K30: =IF(A30="","",YEAR(A30))
C31: =IF(B31="","",IFERROR(INDEX(Produits!$B$5:$B$44,MATCH(B31,Produits!$A$5:$A$44,0)),"")) | D31: =IF(B31="","",IFERROR(INDEX(Produits!$C$5:$C$44,MATCH(B31,Produits!$A$5:$A$44,0)),"")) | H31: =IF(OR(F31="",G31=""),"",G31-F31) | I31: =IF(A31="","","S"&MIN(4,INT((DAY(A31)-1)/7)+1)) | J31: =IF(A31="","",MONTH(A31)) | K31: =IF(A31="","",YEAR(A31))
C32: =IF(B32="","",IFERROR(INDEX(Produits!$B$5:$B$44,MATCH(B32,Produits!$A$5:$A$44,0)),"")) | D32: =IF(B32="","",IFERROR(INDEX(Produits!$C$5:$C$44,MATCH(B32,Produits!$A$5:$A$44,0)),"")) | H32: =IF(OR(F32="",G32=""),"",G32-F32) | I32: =IF(A32="","","S"&MIN(4,INT((DAY(A32)-1)/7)+1)) | J32: =IF(A32="","",MONTH(A32)) | K32: =IF(A32="","",YEAR(A32))
C33: =IF(B33="","",IFERROR(INDEX(Produits!$B$5:$B$44,MATCH(B33,Produits!$A$5:$A$44,0)),"")) | D33: =IF(B33="","",IFERROR(INDEX(Produits!$C$5:$C$44,MATCH(B33,Produits!$A$5:$A$44,0)),"")) | H33: =IF(OR(F33="",G33=""),"",G33-F33) | I33: =IF(A33="","","S"&MIN(4,INT((DAY(A33)-1)/7)+1)) | J33: =IF(A33="","",MONTH(A33)) | K33: =IF(A33="","",YEAR(A33))
C34: =IF(B34="","",IFERROR(INDEX(Produits!$B$5:$B$44,MATCH(B34,Produits!$A$5:$A$44,0)),"")) | D34: =IF(B34="","",IFERROR(INDEX(Produits!$C$5:$C$44,MATCH(B34,Produits!$A$5:$A$44,0)),"")) | H34: =IF(OR(F34="",G34=""),"",G34-F34) | I34: =IF(A34="","","S"&MIN(4,INT((DAY(A34)-1)/7)+1)) | J34: =IF(A34="","",MONTH(A34)) | K34: =IF(A34="","",YEAR(A34))
C35: =IF(B35="","",IFERROR(INDEX(Produits!$B$5:$B$44,MATCH(B35,Produits!$A$5:$A$44,0)),"")) | D35: =IF(B35="","",IFERROR(INDEX(Produits!$C$5:$C$44,MATCH(B35,Produits!$A$5:$A$44,0)),"")) | H35: =IF(OR(F35="",G35=""),"",G35-F35) | I35: =IF(A35="","","S"&MIN(4,INT((DAY(A35)-1)/7)+1)) | J35: =IF(A35="","",MONTH(A35)) | K35: =IF(A35="","",YEAR(A35))
C36: =IF(B36="","",IFERROR(INDEX(Produits!$B$5:$B$44,MATCH(B36,Produits!$A$5:$A$44,0)),"")) | D36: =IF(B36="","",IFERROR(INDEX(Produits!$C$5:$C$44,MATCH(B36,Produits!$A$5:$A$44,0)),"")) | H36: =IF(OR(F36="",G36=""),"",G36-F36) | I36: =IF(A36="","","S"&MIN(4,INT((DAY(A36)-1)/7)+1)) | J36: =IF(A36="","",MONTH(A36)) | K36: =IF(A36="","",YEAR(A36))
C37: =IF(B37="","",IFERROR(INDEX(Produits!$B$5:$B$44,MATCH(B37,Produits!$A$5:$A$44,0)),"")) | D37: =IF(B37="","",IFERROR(INDEX(Produits!$C$5:$C$44,MATCH(B37,Produits!$A$5:$A$44,0)),"")) | H37: =IF(OR(F37="",G37=""),"",G37-F37) | I37: =IF(A37="","","S"&MIN(4,INT((DAY(A37)-1)/7)+1)) | J37: =IF(A37="","",MONTH(A37)) | K37: =IF(A37="","",YEAR(A37))
C38: =IF(B38="","",IFERROR(INDEX(Produits!$B$5:$B$44,MATCH(B38,Produits!$A$5:$A$44,0)),"")) | D38: =IF(B38="","",IFERROR(INDEX(Produits!$C$5:$C$44,MATCH(B38,Produits!$A$5:$A$44,0)),"")) | H38: =IF(OR(F38="",G38=""),"",G38-F38) | I38: =IF(A38="","","S"&MIN(4,INT((DAY(A38)-1)/7)+1)) | J38: =IF(A38="","",MONTH(A38)) | K38: =IF(A38="","",YEAR(A38))
C39: =IF(B39="","",IFERROR(INDEX(Produits!$B$5:$B$44,MATCH(B39,Produits!$A$5:$A$44,0)),"")) | D39: =IF(B39="","",IFERROR(INDEX(Produits!$C$5:$C$44,MATCH(B39,Produits!$A$5:$A$44,0)),"")) | H39: =IF(OR(F39="",G39=""),"",G39-F39) | I39: =IF(A39="","","S"&MIN(4,INT((DAY(A39)-1)/7)+1)) | J39: =IF(A39="","",MONTH(A39)) | K39: =IF(A39="","",YEAR(A39))
C40: =IF(B40="","",IFERROR(INDEX(Produits!$B$5:$B$44,MATCH(B40,Produits!$A$5:$A$44,0)),"")) | D40: =IF(B40="","",IFERROR(INDEX(Produits!$C$5:$C$44,MATCH(B40,Produits!$A$5:$A$44,0)),"")) | H40: =IF(OR(F40="",G40=""),"",G40-F40) | I40: =IF(A40="","","S"&MIN(4,INT((DAY(A40)-1)/7)+1)) | J40: =IF(A40="","",MONTH(A40)) | K40: =IF(A40="","",YEAR(A40))
... C304: =IF(B304="","",IFERROR(INDEX(Produits!$B$5:$B$44,MATCH(B304,Produits!$A$5:$A$44,0)),"")) | D304: =IF(B304="","",IFERROR(INDEX(Produits!$C$5:$C$44,MATCH(B304,Produits!$A$5:$A$44,0)),"")) | H304: =IF(OR(F304="",G304=""),"",G304-F304) | I304: =IF(A304="","","S"&MIN(4,INT((DAY(A304)-1)/7)+1)) | J304: =IF(A304="","",MONTH(A304)) | K304: =IF(A304="","",YEAR(A304))
