Workbook

Sheet Mode d'emploi
A1: 18 · L'essentiel chaque semaine
A2: Proposition de tableau de gestion des stocks — Excel et Google Sheets
A4: L'idée | B4: Tu ne recomptes pas tout chaque vendredi : seulement tes produits essentiels (farine, sucre, beurre, crème, œufs, chocolat blanc…), ceux qui partent vite. Le reste, tu le comptes une fois par mois. Ton comptage du vendredi prend deux minutes.
A6: Comment faire | B6: 1. Onglet Produits : mets Oui dans « Essentiel ? » pour les produits à suivre chaque semaine.
B7: 2. Chaque vendredi, onglet « Chaque semaine » : ils apparaissent tout seuls. Stock, Commandé, Reçu.
B8: 3. Une fois par mois, onglet « Une fois par mois » : tous les autres produits, stock et commande.
B9: 4. Pour changer un produit de liste, change juste Oui / Non dans Produits.
A11: Les onglets | B11: Produits — ta liste, avec la colonne Essentiel.
B12: Chaque semaine — les essentiels, 4 semaines.
B13: Une fois par mois — tous les autres produits.
A15: Couleurs | B15: Cases jaunes = à remplir. Cases blanches = calculées toutes seules, ne pas y toucher.
B16: Chiffres en bleu = exemple pour montrer le fonctionnement, à effacer.
B17: Rouge = il manque quelque chose (livraison incomplète, stock trop bas).
A19: Google Sheets | B19: Fichier > Importer > Importer ce fichier. Tout fonctionne pareil, y compris sur téléphone.

Sheet Produits
A1: Mes produits
A2: Oui = compté chaque semaine · Non = compté une fois par mois
A4: Produit | B4: Fournisseur | C4: Unité | D4: Essentiel ? | E4: N° essentiel | F4: N° autre
A5: Farine T55 | B5: Metro | C5: kg | D5: Oui | E5: =IF(AND(A5<>"",D5="Oui"),SUMPRODUCT(($A$5:A5<>"")*($D$5:D5="Oui")),"") | F5: =IF(AND(A5<>"",D5<>"Oui"),SUMPRODUCT(($A$5:A5<>"")*($D$5:D5<>"Oui")),"")
A6: Farine T45 | B6: Metro | C6: kg | D6: Non | E6: =IF(AND(A6<>"",D6="Oui"),SUMPRODUCT(($A$5:A6<>"")*($D$5:D6="Oui")),"") | F6: =IF(AND(A6<>"",D6<>"Oui"),SUMPRODUCT(($A$5:A6<>"")*($D$5:D6<>"Oui")),"")
A7: Sucre semoule | B7: Metro | C7: kg | D7: Oui | E7: =IF(AND(A7<>"",D7="Oui"),SUMPRODUCT(($A$5:A7<>"")*($D$5:D7="Oui")),"") | F7: =IF(AND(A7<>"",D7<>"Oui"),SUMPRODUCT(($A$5:A7<>"")*($D$5:D7<>"Oui")),"")
A8: Sucre glace | B8: Metro | C8: kg | D8: Non | E8: =IF(AND(A8<>"",D8="Oui"),SUMPRODUCT(($A$5:A8<>"")*($D$5:D8="Oui")),"") | F8: =IF(AND(A8<>"",D8<>"Oui"),SUMPRODUCT(($A$5:A8<>"")*($D$5:D8<>"Oui")),"")
A9: Beurre doux | B9: Crèmerie | C9: kg | D9: Oui | E9: =IF(AND(A9<>"",D9="Oui"),SUMPRODUCT(($A$5:A9<>"")*($D$5:D9="Oui")),"") | F9: =IF(AND(A9<>"",D9<>"Oui"),SUMPRODUCT(($A$5:A9<>"")*($D$5:D9<>"Oui")),"")
A10: Crème liquide 35% | B10: Crèmerie | C10: L | D10: Oui | E10: =IF(AND(A10<>"",D10="Oui"),SUMPRODUCT(($A$5:A10<>"")*($D$5:D10="Oui")),"") | F10: =IF(AND(A10<>"",D10<>"Oui"),SUMPRODUCT(($A$5:A10<>"")*($D$5:D10<>"Oui")),"")
A11: Lait entier | B11: Crèmerie | C11: L | D11: Non | E11: =IF(AND(A11<>"",D11="Oui"),SUMPRODUCT(($A$5:A11<>"")*($D$5:D11="Oui")),"") | F11: =IF(AND(A11<>"",D11<>"Oui"),SUMPRODUCT(($A$5:A11<>"")*($D$5:D11<>"Oui")),"")
A12: Oeufs | B12: Crèmerie | C12: pièce | D12: Oui | E12: =IF(AND(A12<>"",D12="Oui"),SUMPRODUCT(($A$5:A12<>"")*($D$5:D12="Oui")),"") | F12: =IF(AND(A12<>"",D12<>"Oui"),SUMPRODUCT(($A$5:A12<>"")*($D$5:D12<>"Oui")),"")
A13: Chocolat blanc | B13: Transgourmet | C13: kg | D13: Oui | E13: =IF(AND(A13<>"",D13="Oui"),SUMPRODUCT(($A$5:A13<>"")*($D$5:D13="Oui")),"") | F13: =IF(AND(A13<>"",D13<>"Oui"),SUMPRODUCT(($A$5:A13<>"")*($D$5:D13<>"Oui")),"")
A14: Chocolat noir 70% | B14: Transgourmet | C14: kg | D14: Non | E14: =IF(AND(A14<>"",D14="Oui"),SUMPRODUCT(($A$5:A14<>"")*($D$5:D14="Oui")),"") | F14: =IF(AND(A14<>"",D14<>"Oui"),SUMPRODUCT(($A$5:A14<>"")*($D$5:D14<>"Oui")),"")
A15: Levure chimique | B15: Transgourmet | C15: kg | D15: Non | E15: =IF(AND(A15<>"",D15="Oui"),SUMPRODUCT(($A$5:A15<>"")*($D$5:D15="Oui")),"") | F15: =IF(AND(A15<>"",D15<>"Oui"),SUMPRODUCT(($A$5:A15<>"")*($D$5:D15<>"Oui")),"")
A16: Vanille (gousse) | B16: Transgourmet | C16: pièce | D16: Non | E16: =IF(AND(A16<>"",D16="Oui"),SUMPRODUCT(($A$5:A16<>"")*($D$5:D16="Oui")),"") | F16: =IF(AND(A16<>"",D16<>"Oui"),SUMPRODUCT(($A$5:A16<>"")*($D$5:D16<>"Oui")),"")
E17: =IF(AND(A17<>"",D17="Oui"),SUMPRODUCT(($A$5:A17<>"")*($D$5:D17="Oui")),"") | F17: =IF(AND(A17<>"",D17<>"Oui"),SUMPRODUCT(($A$5:A17<>"")*($D$5:D17<>"Oui")),"")
E18: =IF(AND(A18<>"",D18="Oui"),SUMPRODUCT(($A$5:A18<>"")*($D$5:D18="Oui")),"") | F18: =IF(AND(A18<>"",D18<>"Oui"),SUMPRODUCT(($A$5:A18<>"")*($D$5:D18<>"Oui")),"")
E19: =IF(AND(A19<>"",D19="Oui"),SUMPRODUCT(($A$5:A19<>"")*($D$5:D19="Oui")),"") | F19: =IF(AND(A19<>"",D19<>"Oui"),SUMPRODUCT(($A$5:A19<>"")*($D$5:D19<>"Oui")),"")
E20: =IF(AND(A20<>"",D20="Oui"),SUMPRODUCT(($A$5:A20<>"")*($D$5:D20="Oui")),"") | F20: =IF(AND(A20<>"",D20<>"Oui"),SUMPRODUCT(($A$5:A20<>"")*($D$5:D20<>"Oui")),"")
E21: =IF(AND(A21<>"",D21="Oui"),SUMPRODUCT(($A$5:A21<>"")*($D$5:D21="Oui")),"") | F21: =IF(AND(A21<>"",D21<>"Oui"),SUMPRODUCT(($A$5:A21<>"")*($D$5:D21<>"Oui")),"")
E22: =IF(AND(A22<>"",D22="Oui"),SUMPRODUCT(($A$5:A22<>"")*($D$5:D22="Oui")),"") | F22: =IF(AND(A22<>"",D22<>"Oui"),SUMPRODUCT(($A$5:A22<>"")*($D$5:D22<>"Oui")),"")
E23: =IF(AND(A23<>"",D23="Oui"),SUMPRODUCT(($A$5:A23<>"")*($D$5:D23="Oui")),"") | F23: =IF(AND(A23<>"",D23<>"Oui"),SUMPRODUCT(($A$5:A23<>"")*($D$5:D23<>"Oui")),"")
E24: =IF(AND(A24<>"",D24="Oui"),SUMPRODUCT(($A$5:A24<>"")*($D$5:D24="Oui")),"") | F24: =IF(AND(A24<>"",D24<>"Oui"),SUMPRODUCT(($A$5:A24<>"")*($D$5:D24<>"Oui")),"")
E25: =IF(AND(A25<>"",D25="Oui"),SUMPRODUCT(($A$5:A25<>"")*($D$5:D25="Oui")),"") | F25: =IF(AND(A25<>"",D25<>"Oui"),SUMPRODUCT(($A$5:A25<>"")*($D$5:D25<>"Oui")),"")
E26: =IF(AND(A26<>"",D26="Oui"),SUMPRODUCT(($A$5:A26<>"")*($D$5:D26="Oui")),"") | F26: =IF(AND(A26<>"",D26<>"Oui"),SUMPRODUCT(($A$5:A26<>"")*($D$5:D26<>"Oui")),"")
E27: =IF(AND(A27<>"",D27="Oui"),SUMPRODUCT(($A$5:A27<>"")*($D$5:D27="Oui")),"") | F27: =IF(AND(A27<>"",D27<>"Oui"),SUMPRODUCT(($A$5:A27<>"")*($D$5:D27<>"Oui")),"")
E28: =IF(AND(A28<>"",D28="Oui"),SUMPRODUCT(($A$5:A28<>"")*($D$5:D28="Oui")),"") | F28: =IF(AND(A28<>"",D28<>"Oui"),SUMPRODUCT(($A$5:A28<>"")*($D$5:D28<>"Oui")),"")
... E44: =IF(AND(A44<>"",D44="Oui"),SUMPRODUCT(($A$5:A44<>"")*($D$5:D44="Oui")),"") | F44: =IF(AND(A44<>"",D44<>"Oui"),SUMPRODUCT(($A$5:A44<>"")*($D$5:D44<>"Oui")),"")

Sheet Chaque semaine
A1: Chaque semaine — mes essentiels
A2: La liste se remplit toute seule à partir des Oui de l'onglet Produits
A4: Produit | B4: Unité | C4: Semaine 1 | F4: Semaine 2 | I4: Semaine 3 | L4: Semaine 4 | O4: Total du mois
C6: Stock | D6: Commandé | E6: Reçu | F6: Stock | G6: Commandé | H6: Reçu | I6: Stock | J6: Commandé | K6: Reçu | L6: Stock | M6: Commandé | N6: Reçu | O6: Commandé | P6: Reçu | Q6: Écart
A7: =IFERROR(INDEX(Produits!$A$5:$A$44,MATCH(1,Produits!$E$5:$E$44,0)),"") | B7: =IFERROR(INDEX(Produits!$C$5:$C$44,MATCH(1,Produits!$E$5:$E$44,0)),"") | C7: 8 | D7: 10 | E7: 7 | F7: 5 | G7: 10 | H7: 10 | O7: =IF(COUNT(D7,G7,J7,M7)=0,"",SUM(D7,G7,J7,M7)) | P7: =IF(COUNT(E7,H7,K7,N7)=0,"",SUM(E7,H7,K7,N7)) | Q7: =IF(OR(O7="",P7=""),"",P7-O7)
A8: =IFERROR(INDEX(Produits!$A$5:$A$44,MATCH(2,Produits!$E$5:$E$44,0)),"") | B8: =IFERROR(INDEX(Produits!$C$5:$C$44,MATCH(2,Produits!$E$5:$E$44,0)),"") | C8: 6 | D8: 10 | E8: 10 | F8: 7 | G8: 5 | H8: 5 | O8: =IF(COUNT(D8,G8,J8,M8)=0,"",SUM(D8,G8,J8,M8)) | P8: =IF(COUNT(E8,H8,K8,N8)=0,"",SUM(E8,H8,K8,N8)) | Q8: =IF(OR(O8="",P8=""),"",P8-O8)
A9: =IFERROR(INDEX(Produits!$A$5:$A$44,MATCH(3,Produits!$E$5:$E$44,0)),"") | B9: =IFERROR(INDEX(Produits!$C$5:$C$44,MATCH(3,Produits!$E$5:$E$44,0)),"") | C9: 3 | D9: 5 | E9: 5 | F9: 4 | G9: 5 | H9: 5 | O9: =IF(COUNT(D9,G9,J9,M9)=0,"",SUM(D9,G9,J9,M9)) | P9: =IF(COUNT(E9,H9,K9,N9)=0,"",SUM(E9,H9,K9,N9)) | Q9: =IF(OR(O9="",P9=""),"",P9-O9)
A10: =IFERROR(INDEX(Produits!$A$5:$A$44,MATCH(4,Produits!$E$5:$E$44,0)),"") | B10: =IFERROR(INDEX(Produits!$C$5:$C$44,MATCH(4,Produits!$E$5:$E$44,0)),"") | C10: 4 | D10: 12 | E10: 12 | F10: 5 | G10: 10 | H10: 10 | O10: =IF(COUNT(D10,G10,J10,M10)=0,"",SUM(D10,G10,J10,M10)) | P10: =IF(COUNT(E10,H10,K10,N10)=0,"",SUM(E10,H10,K10,N10)) | Q10: =IF(OR(O10="",P10=""),"",P10-O10)
A11: =IFERROR(INDEX(Produits!$A$5:$A$44,MATCH(5,Produits!$E$5:$E$44,0)),"") | B11: =IFERROR(INDEX(Produits!$C$5:$C$44,MATCH(5,Produits!$E$5:$E$44,0)),"") | C11: 40 | D11: 90 | E11: 90 | F11: 50 | G11: 60 | H11: 60 | O11: =IF(COUNT(D11,G11,J11,M11)=0,"",SUM(D11,G11,J11,M11)) | P11: =IF(COUNT(E11,H11,K11,N11)=0,"",SUM(E11,H11,K11,N11)) | Q11: =IF(OR(O11="",P11=""),"",P11-O11)
A12: =IFERROR(INDEX(Produits!$A$5:$A$44,MATCH(6,Produits!$E$5:$E$44,0)),"") | B12: =IFERROR(INDEX(Produits!$C$5:$C$44,MATCH(6,Produits!$E$5:$E$44,0)),"") | C12: 1.5 | D12: 3 | E12: 2 | F12: 2 | G12: 2 | H12: 2 | O12: =IF(COUNT(D12,G12,J12,M12)=0,"",SUM(D12,G12,J12,M12)) | P12: =IF(COUNT(E12,H12,K12,N12)=0,"",SUM(E12,H12,K12,N12)) | Q12: =IF(OR(O12="",P12=""),"",P12-O12)
A13: =IFERROR(INDEX(Produits!$A$5:$A$44,MATCH(7,Produits!$E$5:$E$44,0)),"") | B13: =IFERROR(INDEX(Produits!$C$5:$C$44,MATCH(7,Produits!$E$5:$E$44,0)),"") | O13: =IF(COUNT(D13,G13,J13,M13)=0,"",SUM(D13,G13,J13,M13)) | P13: =IF(COUNT(E13,H13,K13,N13)=0,"",SUM(E13,H13,K13,N13)) | Q13: =IF(OR(O13="",P13=""),"",P13-O13)
A14: =IFERROR(INDEX(Produits!$A$5:$A$44,MATCH(8,Produits!$E$5:$E$44,0)),"") | B14: =IFERROR(INDEX(Produits!$C$5:$C$44,MATCH(8,Produits!$E$5:$E$44,0)),"") | O14: =IF(COUNT(D14,G14,J14,M14)=0,"",SUM(D14,G14,J14,M14)) | P14: =IF(COUNT(E14,H14,K14,N14)=0,"",SUM(E14,H14,K14,N14)) | Q14: =IF(OR(O14="",P14=""),"",P14-O14)
A15: =IFERROR(INDEX(Produits!$A$5:$A$44,MATCH(9,Produits!$E$5:$E$44,0)),"") | B15: =IFERROR(INDEX(Produits!$C$5:$C$44,MATCH(9,Produits!$E$5:$E$44,0)),"") | O15: =IF(COUNT(D15,G15,J15,M15)=0,"",SUM(D15,G15,J15,M15)) | P15: =IF(COUNT(E15,H15,K15,N15)=0,"",SUM(E15,H15,K15,N15)) | Q15: =IF(OR(O15="",P15=""),"",P15-O15)
A16: =IFERROR(INDEX(Produits!$A$5:$A$44,MATCH(10,Produits!$E$5:$E$44,0)),"") | B16: =IFERROR(INDEX(Produits!$C$5:$C$44,MATCH(10,Produits!$E$5:$E$44,0)),"") | O16: =IF(COUNT(D16,G16,J16,M16)=0,"",SUM(D16,G16,J16,M16)) | P16: =IF(COUNT(E16,H16,K16,N16)=0,"",SUM(E16,H16,K16,N16)) | Q16: =IF(OR(O16="",P16=""),"",P16-O16)
A17: =IFERROR(INDEX(Produits!$A$5:$A$44,MATCH(11,Produits!$E$5:$E$44,0)),"") | B17: =IFERROR(INDEX(Produits!$C$5:$C$44,MATCH(11,Produits!$E$5:$E$44,0)),"") | O17: =IF(COUNT(D17,G17,J17,M17)=0,"",SUM(D17,G17,J17,M17)) | P17: =IF(COUNT(E17,H17,K17,N17)=0,"",SUM(E17,H17,K17,N17)) | Q17: =IF(OR(O17="",P17=""),"",P17-O17)
A18: =IFERROR(INDEX(Produits!$A$5:$A$44,MATCH(12,Produits!$E$5:$E$44,0)),"") | B18: =IFERROR(INDEX(Produits!$C$5:$C$44,MATCH(12,Produits!$E$5:$E$44,0)),"") | O18: =IF(COUNT(D18,G18,J18,M18)=0,"",SUM(D18,G18,J18,M18)) | P18: =IF(COUNT(E18,H18,K18,N18)=0,"",SUM(E18,H18,K18,N18)) | Q18: =IF(OR(O18="",P18=""),"",P18-O18)
A19: =IFERROR(INDEX(Produits!$A$5:$A$44,MATCH(13,Produits!$E$5:$E$44,0)),"") | B19: =IFERROR(INDEX(Produits!$C$5:$C$44,MATCH(13,Produits!$E$5:$E$44,0)),"") | O19: =IF(COUNT(D19,G19,J19,M19)=0,"",SUM(D19,G19,J19,M19)) | P19: =IF(COUNT(E19,H19,K19,N19)=0,"",SUM(E19,H19,K19,N19)) | Q19: =IF(OR(O19="",P19=""),"",P19-O19)
A20: =IFERROR(INDEX(Produits!$A$5:$A$44,MATCH(14,Produits!$E$5:$E$44,0)),"") | B20: =IFERROR(INDEX(Produits!$C$5:$C$44,MATCH(14,Produits!$E$5:$E$44,0)),"") | O20: =IF(COUNT(D20,G20,J20,M20)=0,"",SUM(D20,G20,J20,M20)) | P20: =IF(COUNT(E20,H20,K20,N20)=0,"",SUM(E20,H20,K20,N20)) | Q20: =IF(OR(O20="",P20=""),"",P20-O20)
A21: =IFERROR(INDEX(Produits!$A$5:$A$44,MATCH(15,Produits!$E$5:$E$44,0)),"") | B21: =IFERROR(INDEX(Produits!$C$5:$C$44,MATCH(15,Produits!$E$5:$E$44,0)),"") | O21: =IF(COUNT(D21,G21,J21,M21)=0,"",SUM(D21,G21,J21,M21)) | P21: =IF(COUNT(E21,H21,K21,N21)=0,"",SUM(E21,H21,K21,N21)) | Q21: =IF(OR(O21="",P21=""),"",P21-O21)
A22: =IFERROR(INDEX(Produits!$A$5:$A$44,MATCH(16,Produits!$E$5:$E$44,0)),"") | B22: =IFERROR(INDEX(Produits!$C$5:$C$44,MATCH(16,Produits!$E$5:$E$44,0)),"") | O22: =IF(COUNT(D22,G22,J22,M22)=0,"",SUM(D22,G22,J22,M22)) | P22: =IF(COUNT(E22,H22,K22,N22)=0,"",SUM(E22,H22,K22,N22)) | Q22: =IF(OR(O22="",P22=""),"",P22-O22)
A23: =IFERROR(INDEX(Produits!$A$5:$A$44,MATCH(17,Produits!$E$5:$E$44,0)),"") | B23: =IFERROR(INDEX(Produits!$C$5:$C$44,MATCH(17,Produits!$E$5:$E$44,0)),"") | O23: =IF(COUNT(D23,G23,J23,M23)=0,"",SUM(D23,G23,J23,M23)) | P23: =IF(COUNT(E23,H23,K23,N23)=0,"",SUM(E23,H23,K23,N23)) | Q23: =IF(OR(O23="",P23=""),"",P23-O23)
A24: =IFERROR(INDEX(Produits!$A$5:$A$44,MATCH(18,Produits!$E$5:$E$44,0)),"") | B24: =IFERROR(INDEX(Produits!$C$5:$C$44,MATCH(18,Produits!$E$5:$E$44,0)),"") | O24: =IF(COUNT(D24,G24,J24,M24)=0,"",SUM(D24,G24,J24,M24)) | P24: =IF(COUNT(E24,H24,K24,N24)=0,"",SUM(E24,H24,K24,N24)) | Q24: =IF(OR(O24="",P24=""),"",P24-O24)
A25: =IFERROR(INDEX(Produits!$A$5:$A$44,MATCH(19,Produits!$E$5:$E$44,0)),"") | B25: =IFERROR(INDEX(Produits!$C$5:$C$44,MATCH(19,Produits!$E$5:$E$44,0)),"") | O25: =IF(COUNT(D25,G25,J25,M25)=0,"",SUM(D25,G25,J25,M25)) | P25: =IF(COUNT(E25,H25,K25,N25)=0,"",SUM(E25,H25,K25,N25)) | Q25: =IF(OR(O25="",P25=""),"",P25-O25)
A26: =IFERROR(INDEX(Produits!$A$5:$A$44,MATCH(20,Produits!$E$5:$E$44,0)),"") | B26: =IFERROR(INDEX(Produits!$C$5:$C$44,MATCH(20,Produits!$E$5:$E$44,0)),"") | O26: =IF(COUNT(D26,G26,J26,M26)=0,"",SUM(D26,G26,J26,M26)) | P26: =IF(COUNT(E26,H26,K26,N26)=0,"",SUM(E26,H26,K26,N26)) | Q26: =IF(OR(O26="",P26=""),"",P26-O26)

Sheet Une fois par mois
A1: Une fois par mois — les autres produits
A2: Compte-les en fin de mois
A3: Date du comptage : | B3: =DATE(2026,10,30)
A5: Produit | B5: Unité | C5: Stock compté | D5: Commandé | E5: Reçu | F5: Écart
A6: =IFERROR(INDEX(Produits!$A$5:$A$44,MATCH(1,Produits!$F$5:$F$44,0)),"") | B6: =IFERROR(INDEX(Produits!$C$5:$C$44,MATCH(1,Produits!$F$5:$F$44,0)),"") | C6: 2 | D6: 5 | E6: 5 | F6: =IF(OR(D6="",E6=""),"",E6-D6)
A7: =IFERROR(INDEX(Produits!$A$5:$A$44,MATCH(2,Produits!$F$5:$F$44,0)),"") | B7: =IFERROR(INDEX(Produits!$C$5:$C$44,MATCH(2,Produits!$F$5:$F$44,0)),"") | C7: 1 | D7: 3 | E7: 3 | F7: =IF(OR(D7="",E7=""),"",E7-D7)
A8: =IFERROR(INDEX(Produits!$A$5:$A$44,MATCH(3,Produits!$F$5:$F$44,0)),"") | B8: =IFERROR(INDEX(Produits!$C$5:$C$44,MATCH(3,Produits!$F$5:$F$44,0)),"") | C8: 3 | D8: 6 | E8: 6 | F8: =IF(OR(D8="",E8=""),"",E8-D8)
A9: =IFERROR(INDEX(Produits!$A$5:$A$44,MATCH(4,Produits!$F$5:$F$44,0)),"") | B9: =IFERROR(INDEX(Produits!$C$5:$C$44,MATCH(4,Produits!$F$5:$F$44,0)),"") | C9: 2 | D9: 2 | E9: 2 | F9: =IF(OR(D9="",E9=""),"",E9-D9)
A10: =IFERROR(INDEX(Produits!$A$5:$A$44,MATCH(5,Produits!$F$5:$F$44,0)),"") | B10: =IFERROR(INDEX(Produits!$C$5:$C$44,MATCH(5,Produits!$F$5:$F$44,0)),"") | C10: 0.4 | D10: 1 | E10: 1 | F10: =IF(OR(D10="",E10=""),"",E10-D10)
A11: =IFERROR(INDEX(Produits!$A$5:$A$44,MATCH(6,Produits!$F$5:$F$44,0)),"") | B11: =IFERROR(INDEX(Produits!$C$5:$C$44,MATCH(6,Produits!$F$5:$F$44,0)),"") | C11: 6 | D11: 0 | E11: 0 | F11: =IF(OR(D11="",E11=""),"",E11-D11)
A12: =IFERROR(INDEX(Produits!$A$5:$A$44,MATCH(7,Produits!$F$5:$F$44,0)),"") | B12: =IFERROR(INDEX(Produits!$C$5:$C$44,MATCH(7,Produits!$F$5:$F$44,0)),"") | F12: =IF(OR(D12="",E12=""),"",E12-D12)
A13: =IFERROR(INDEX(Produits!$A$5:$A$44,MATCH(8,Produits!$F$5:$F$44,0)),"") | B13: =IFERROR(INDEX(Produits!$C$5:$C$44,MATCH(8,Produits!$F$5:$F$44,0)),"") | F13: =IF(OR(D13="",E13=""),"",E13-D13)
A14: =IFERROR(INDEX(Produits!$A$5:$A$44,MATCH(9,Produits!$F$5:$F$44,0)),"") | B14: =IFERROR(INDEX(Produits!$C$5:$C$44,MATCH(9,Produits!$F$5:$F$44,0)),"") | F14: =IF(OR(D14="",E14=""),"",E14-D14)
A15: =IFERROR(INDEX(Produits!$A$5:$A$44,MATCH(10,Produits!$F$5:$F$44,0)),"") | B15: =IFERROR(INDEX(Produits!$C$5:$C$44,MATCH(10,Produits!$F$5:$F$44,0)),"") | F15: =IF(OR(D15="",E15=""),"",E15-D15)
A16: =IFERROR(INDEX(Produits!$A$5:$A$44,MATCH(11,Produits!$F$5:$F$44,0)),"") | B16: =IFERROR(INDEX(Produits!$C$5:$C$44,MATCH(11,Produits!$F$5:$F$44,0)),"") | F16: =IF(OR(D16="",E16=""),"",E16-D16)
A17: =IFERROR(INDEX(Produits!$A$5:$A$44,MATCH(12,Produits!$F$5:$F$44,0)),"") | B17: =IFERROR(INDEX(Produits!$C$5:$C$44,MATCH(12,Produits!$F$5:$F$44,0)),"") | F17: =IF(OR(D17="",E17=""),"",E17-D17)
A18: =IFERROR(INDEX(Produits!$A$5:$A$44,MATCH(13,Produits!$F$5:$F$44,0)),"") | B18: =IFERROR(INDEX(Produits!$C$5:$C$44,MATCH(13,Produits!$F$5:$F$44,0)),"") | F18: =IF(OR(D18="",E18=""),"",E18-D18)
A19: =IFERROR(INDEX(Produits!$A$5:$A$44,MATCH(14,Produits!$F$5:$F$44,0)),"") | B19: =IFERROR(INDEX(Produits!$C$5:$C$44,MATCH(14,Produits!$F$5:$F$44,0)),"") | F19: =IF(OR(D19="",E19=""),"",E19-D19)
A20: =IFERROR(INDEX(Produits!$A$5:$A$44,MATCH(15,Produits!$F$5:$F$44,0)),"") | B20: =IFERROR(INDEX(Produits!$C$5:$C$44,MATCH(15,Produits!$F$5:$F$44,0)),"") | F20: =IF(OR(D20="",E20=""),"",E20-D20)
A21: =IFERROR(INDEX(Produits!$A$5:$A$44,MATCH(16,Produits!$F$5:$F$44,0)),"") | B21: =IFERROR(INDEX(Produits!$C$5:$C$44,MATCH(16,Produits!$F$5:$F$44,0)),"") | F21: =IF(OR(D21="",E21=""),"",E21-D21)
A22: =IFERROR(INDEX(Produits!$A$5:$A$44,MATCH(17,Produits!$F$5:$F$44,0)),"") | B22: =IFERROR(INDEX(Produits!$C$5:$C$44,MATCH(17,Produits!$F$5:$F$44,0)),"") | F22: =IF(OR(D22="",E22=""),"",E22-D22)
A23: =IFERROR(INDEX(Produits!$A$5:$A$44,MATCH(18,Produits!$F$5:$F$44,0)),"") | B23: =IFERROR(INDEX(Produits!$C$5:$C$44,MATCH(18,Produits!$F$5:$F$44,0)),"") | F23: =IF(OR(D23="",E23=""),"",E23-D23)
A24: =IFERROR(INDEX(Produits!$A$5:$A$44,MATCH(19,Produits!$F$5:$F$44,0)),"") | B24: =IFERROR(INDEX(Produits!$C$5:$C$44,MATCH(19,Produits!$F$5:$F$44,0)),"") | F24: =IF(OR(D24="",E24=""),"",E24-D24)
A25: =IFERROR(INDEX(Produits!$A$5:$A$44,MATCH(20,Produits!$F$5:$F$44,0)),"") | B25: =IFERROR(INDEX(Produits!$C$5:$C$44,MATCH(20,Produits!$F$5:$F$44,0)),"") | F25: =IF(OR(D25="",E25=""),"",E25-D25)
A26: =IFERROR(INDEX(Produits!$A$5:$A$44,MATCH(21,Produits!$F$5:$F$44,0)),"") | B26: =IFERROR(INDEX(Produits!$C$5:$C$44,MATCH(21,Produits!$F$5:$F$44,0)),"") | F26: =IF(OR(D26="",E26=""),"",E26-D26)
A27: =IFERROR(INDEX(Produits!$A$5:$A$44,MATCH(22,Produits!$F$5:$F$44,0)),"") | B27: =IFERROR(INDEX(Produits!$C$5:$C$44,MATCH(22,Produits!$F$5:$F$44,0)),"") | F27: =IF(OR(D27="",E27=""),"",E27-D27)
A28: =IFERROR(INDEX(Produits!$A$5:$A$44,MATCH(23,Produits!$F$5:$F$44,0)),"") | B28: =IFERROR(INDEX(Produits!$C$5:$C$44,MATCH(23,Produits!$F$5:$F$44,0)),"") | F28: =IF(OR(D28="",E28=""),"",E28-D28)
A29: =IFERROR(INDEX(Produits!$A$5:$A$44,MATCH(24,Produits!$F$5:$F$44,0)),"") | B29: =IFERROR(INDEX(Produits!$C$5:$C$44,MATCH(24,Produits!$F$5:$F$44,0)),"") | F29: =IF(OR(D29="",E29=""),"",E29-D29)
A30: =IFERROR(INDEX(Produits!$A$5:$A$44,MATCH(25,Produits!$F$5:$F$44,0)),"") | B30: =IFERROR(INDEX(Produits!$C$5:$C$44,MATCH(25,Produits!$F$5:$F$44,0)),"") | F30: =IF(OR(D30="",E30=""),"",E30-D30)
A31: =IFERROR(INDEX(Produits!$A$5:$A$44,MATCH(26,Produits!$F$5:$F$44,0)),"") | B31: =IFERROR(INDEX(Produits!$C$5:$C$44,MATCH(26,Produits!$F$5:$F$44,0)),"") | F31: =IF(OR(D31="",E31=""),"",E31-D31)
A32: =IFERROR(INDEX(Produits!$A$5:$A$44,MATCH(27,Produits!$F$5:$F$44,0)),"") | B32: =IFERROR(INDEX(Produits!$C$5:$C$44,MATCH(27,Produits!$F$5:$F$44,0)),"") | F32: =IF(OR(D32="",E32=""),"",E32-D32)
A33: =IFERROR(INDEX(Produits!$A$5:$A$44,MATCH(28,Produits!$F$5:$F$44,0)),"") | B33: =IFERROR(INDEX(Produits!$C$5:$C$44,MATCH(28,Produits!$F$5:$F$44,0)),"") | F33: =IF(OR(D33="",E33=""),"",E33-D33)
A34: =IFERROR(INDEX(Produits!$A$5:$A$44,MATCH(29,Produits!$F$5:$F$44,0)),"") | B34: =IFERROR(INDEX(Produits!$C$5:$C$44,MATCH(29,Produits!$F$5:$F$44,0)),"") | F34: =IF(OR(D34="",E34=""),"",E34-D34)
A35: =IFERROR(INDEX(Produits!$A$5:$A$44,MATCH(30,Produits!$F$5:$F$44,0)),"") | B35: =IFERROR(INDEX(Produits!$C$5:$C$44,MATCH(30,Produits!$F$5:$F$44,0)),"") | F35: =IF(OR(D35="",E35=""),"",E35-D35)
